number,q1.1,q1.3,q1.9
2882,3,4,4
5144,3,4,5
5174,1,3,6
5175,4,3,4
5209,5,1,4
5272,4,3,5
5278,1,4,4
5443,2,2,6
5448,3,3,4
5450,4,3,5
5474,6,3,6
5478,4,3,5
5481,5,3,6
5493,3,3,6
5495,3,3,6
5503,3,3,6
5576,3,3,6
5704,3,3,6
5717,4,3,5
5785,3,3,6
5918,5,2,4
5922,4,3,4
5929,4,4,5
5939,4,4,5
6357,4,4,5
6369,1,2,4
7258,1,2,5
7261,5,3,5
7277,1,2,5
7297,1,2,5
7302,3,4,5
7306,2,3,4
7396,5,3,5
7665,6,4,7
7675,5,4,5
7690,4,2,4
7700,4,3,4
7706,3,3,3
7709,5,1,6
7720,1,2,5
7742,5,2,7
7746,3,2,4
7754,3,3,6
7757,1,2,5
7788,6,2,7
7799,4,4,7
7953,4,2,6
8064,4,3,4
8072,4,1,6
8083,4,3,6
8533,4,3,4
8844,3,3,4
8852,2,4,6
8853,2,3,7
8857,3,3,5
8859,3,3,6
8860,6,4,7
8935,1,1,6
9252,4,3,5
9341,3,2,6
9352,3,1,5
9353,5,3,7
9355,6,4,5
9365,5,4,6
9369,1,3,4
9387,3,1,5
9389,6,4,5
9393,5,2,6
9439,4,3,6
9458,5,3,5
9676,1,4,5
9689,4,4,5
9691,5,3,5
9692,3,2,5
9700,1,2,5
9703,1,3,7
9708,4,3,6
9710,4,3,5
9712,1,3,5
9716,2,1,4
9718,3,3,4
20229,1,1,7
20230,1,4,7
20232,6,3,7
20233,4,2,4
20236,3,1,5
20238,4,4,4
20239,6,4,6
20240,2,3,5
20241,3,3,5
20243,2,1,5
20245,1,2,4
20246,4,3,7
20249,4,4,5
20252,2,4,7
20253,1,4,4
20254,4,4,7
20255,2,2,2
20256,6,4,7
20257,1,1,5
20259,6,4,5
20262,3,4,4
20263,6,3,4
20264,6,4,5
20265,1,3,5
20266,1,3,6
20269,3,4,4
20271,3,3,3
20272,5,2,4
20273,4,3,4
20274,3,3,4
20275,3,4,4
20276,3,4,5
20278,6,4,5
20279,3,4,5
20280,4,4,7
20281,3,3,4
20282,4,4,6
20283,5,4,4
20285,2,1,5
20286,2,1,5
20288,2,3,3
20289,4,3,6
20290,4,4,4
20291,3,3,4
20292,2,1,5
20294,2,2,4
20295,3,3,5
20296,4,4,3
20297,3,3,4
20300,1,2,5
20301,2,1,5
20303,4,3,7
20304,2,2,5
20308,4,4,5
20311,2,3,5
20317,4,3,5
20318,3,1,7
20319,6,2,6
20320,3,3,5
20321,4,4,5
20322,3,3,4
20323,1,3,4
20331,4,4,4
20333,4,4,4
20334,2,2,4
20335,3,1,4
20338,4,2,6
20340,5,4,5
20342,1,3,4
20343,6,4,7
20344,2,3,5
20345,5,2,6
20347,5,2,5
20348,1,3,4
20349,4,3,4
20351,4,2,4
20353,1,2,3
20355,2,4,5
20356,4,2,4
20358,1,2,4
20359,4,3,4
20361,4,2,5
20363,3,3,7
20364,2,4,4
20365,4,3,3
20366,4,4,4
20367,4,4,4
20368,6,4,6
20371,3,4,4
20375,6,4,7
20377,4,4,6
20378,3,3,6
20380,2,3,5
20385,1,3,5
20386,1,2,4
20387,3,2,4
20390,1,2,4
20391,1,1,4
20392,3,4,6
20394,4,3,5
20395,4,3,6
20396,3,4,4
20397,1,3,4
20400,6,3,4
20401,1,3,4
20402,5,3,5
20403,3,1,5
20405,4,4,6
20406,4,3,5
20407,4,4,4
20408,4,2,5
20410,2,3,6
20412,5,2,7
20413,3,3,3
20414,5,3,7
20415,6,4,6
20416,5,3,5
20418,3,4,4
20419,5,4,6
20420,5,3,4
20421,6,2,7
20425,1,2,4
20426,4,3,4
20428,1,2,7
20429,5,4,4
20433,2,2,4
515,3,1,2
519,4,3,6
522,4,3,5
527,6,2,7
602,4,4,6
603,4,3,6
605,3,4,6
614,3,4,4
626,4,4,4
636,6,4,7
639,4,4,7
643,4,3,5
644,4,3,5
647,2,2,5
650,6,3,6
661,3,2,4
699,3,2,5
700,4,4,5
721,1,1,7
728,4,2,5
729,1,1,7
746,4,2,7
754,1,2,6
765,6,4,7
779,4,4,5
782,2,3,3
785,3,3,6
796,4,1,6
801,4,3,5
808,3,3,6
814,1,3,5
817,5,1,6
819,1,2,4
823,1,2,5
827,1,2,4
832,1,2,4
835,3,1,5
837,1,3,4
844,3,3,6
849,3,3,5
859,5,3,6
864,3,1,5
865,4,2,5
867,1,1,7
878,1,3,4
881,3,3,5
886,4,3,5
890,4,3,5
894,1,2,3
904,5,2,6
909,3,3,5
913,2,3,3
915,6,2,6
919,1,2,4
923,2,3,5
924,1,3,4
927,3,3,5
930,2,3,5
932,1,3,3
933,4,4,6
936,4,3,5
939,4,2,4
942,6,4,4
944,6,4,7
945,1,2,5
946,1,1,4
963,4,2,6
965,3,3,6
966,4,4,5
970,1,3,5
972,6,4,7
975,6,4,5
980,5,4,5
982,2,2,6
993,4,4,5
998,4,3,5
999,1,3,3
1001,2,2,6
1007,5,4,5
1011,6,4,4
1013,2,1,6
1016,3,2,5
1019,4,4,5
1023,6,3,5
1025,3,1,6
1026,2,3,3
1027,3,4,6
1030,2,3,4
1033,1,2,3
1037,5,4,5
1043,3,2,6
1044,3,3,4
1045,3,3,4
1046,2,1,5
1047,3,3,4
1049,3,1,6
1051,3,3,4
1055,3,2,6
1057,3,3,4
1061,4,4,6
1062,3,3,4
1064,3,2,4
1065,3,3,5
1069,3,2,6
1070,3,2,4
1074,6,4,7
1076,2,2,6
1077,3,4,4
1082,3,3,4
1083,2,1,5
1084,3,1,6
1087,2,3,3
1096,1,3,4
1097,1,1,6
1107,6,4,7
1131,2,1,6
1140,2,1,6
1142,4,4,5
1144,4,4,6
1145,1,1,5
1147,6,4,7
1150,2,3,4
1153,6,4,7
1154,6,3,6
1156,2,1,5
1158,3,2,4
1160,3,3,4
1162,3,3,5
1167,4,3,5
1169,3,1,4
1171,3,3,4
1180,3,4,5
1183,2,3,3
1185,1,1,4
1187,3,4,6
1189,2,1,5
1193,2,3,6
1194,3,3,5
1198,5,4,3
1200,2,1,6
1203,2,3,3
1208,1,3,5
1210,1,2,5
1212,4,1,6
1213,1,1,3
1214,4,3,7
1219,5,4,5
1222,5,4,7
1224,3,3,5
1227,1,2,6
1232,1,1,7
1233,3,3,4
1235,2,2,6
1239,2,1,4
1244,5,4,6
1246,2,1,4
1249,1,3,6
1250,1,1,6
1254,2,2,7
1255,5,4,7
1256,2,1,6
1257,6,4,5
1259,5,4,7
1260,5,4,7
1263,2,2,5
1265,5,4,7
1270,3,1,7
1271,5,4,7
1273,3,2,6
1274,4,3,5
1275,3,2,5
1277,5,4,7
1278,4,3,6
1286,4,3,6
1288,2,1,6
1289,5,4,7
1290,3,3,5
1293,5,4,7
1301,4,3,5
1302,2,1,5
1304,1,3,6
1309,1,2,5
1312,5,4,7
1315,4,3,4
1316,2,1,6
1324,4,1,6
1325,5,4,7
1326,3,1,6
1331,3,4,7
1332,5,3,5
1335,1,2,5
1338,6,3,5
1349,2,2,6
1359,3,2,6
1364,5,4,6
1365,3,2,6
1373,2,2,6
1381,1,2,4
1382,3,3,5
1389,1,1,4
1393,3,2,6
1400,5,4,6
1408,1,3,4
1416,2,1,5
1429,2,2,6
1436,5,4,6
1440,3,2,6
1457,5,4,6
1463,2,2,6
1483,3,4,4
1485,1,2,5
1494,4,4,6
1512,2,2,5
1518,4,3,7
1532,3,3,6
1544,5,4,6
1552,3,4,4
1555,2,3,5
1562,1,2,5
1570,3,3,6
1573,4,4,5
1588,1,2,5
1594,3,1,6
1597,4,4,5
1602,2,2,5
1605,2,2,5
1607,5,3,6
1609,1,1,5
1625,3,1,6
1626,1,1,4
1628,2,2,5
1630,5,4,6
1632,5,4,6
1634,5,4,6
1637,1,1,4
1640,3,4,4
1644,1,1,5
1648,1,1,1
1651,3,2,5
1655,2,1,5
1681,5,1,4
1692,2,1,6
1703,2,1,6
1708,3,1,5
1710,2,2,6
1712,2,1,6
1716,1,1,6
1727,2,1,6
1731,2,2,6
1736,1,2,4
1737,2,2,6
1742,3,1,5
1743,1,2,6
1747,3,1,6
1759,2,2,6
1764,4,4,4
1768,1,1,6
1774,2,1,6
1775,5,4,7
1780,2,2,7
1783,2,4,4
1798,2,1,6
1799,4,4,5
1800,1,2,5
1803,2,1,5
1805,5,4,6
1807,5,3,6
1808,1,1,5
1809,3,2,7
1810,3,1,6
1865,2,1,6
1870,1,1,6
1875,1,1,5
1893,1,1,6
1899,2,1,5
1910,3,1,6
1917,2,1,6
1928,1,1,6
1932,1,1,6
1939,1,2,5
1940,5,4,6
1941,1,1,6
1948,2,1,5
1952,1,1,5
1953,2,1,6
1956,1,2,5
1960,2,2,6
1964,2,1,6
1986,5,4,6
1998,2,2,6
1999,2,1,5
2014,2,2,6
2020,2,2,5
2021,1,3,6
2029,2,1,5
2033,1,1,5
2100,1,1,4
2140,4,4,6
2152,2,3,5
2167,4,3,5
2190,4,3,6
2201,2,2,6
2203,3,3,5
2209,1,1,6
2216,3,3,6
2218,4,4,6
2219,4,4,5
2227,2,1,5
2229,3,1,6
2235,4,4,6
2240,4,4,6
2241,1,1,6
2248,3,3,7
2249,5,3,6
2253,3,3,5
2260,4,2,7
2264,4,4,6
2268,4,4,6
2271,4,3,6
2287,4,3,6
2291,3,2,6
2303,2,3,4
2319,1,3,4
2333,1,1,5
2341,3,1,4
2429,4,3,6
2460,2,1,3
2469,3,1,6
2479,4,4,6
2523,4,4,6
2525,1,3,3
2557,5,4,5
2559,1,3,6
2583,3,3,4
2587,2,2,4
2589,5,3,6
2591,1,1,7
2610,2,3,6
2654,3,3,6
2662,4,4,6
2663,6,3,6
2665,4,4,6
2666,3,3,6
2670,4,3,6
2673,2,2,6
2741,3,1,7
2746,6,3,6
2749,3,3,6
2758,4,4,5
2759,4,3,6
2766,4,4,6
2796,4,2,4
2813,5,3,4
2830,4,4,6
2831,3,3,7
2845,4,3,7
2847,3,3,6
2854,1,3,5
2861,1,3,4
2874,3,3,4
2879,4,3,6
2890,4,4,4
2911,4,4,4
2923,5,3,6
3005,4,4,6
3022,3,4,5
3049,3,4,5
3114,5,3,6
3153,3,2,6
3168,3,4,7
3255,5,4,5
3327,3,4,5
3350,2,4,2
3353,6,3,6
3360,5,3,6
3369,3,3,4
3376,4,3,6
3382,4,3,6
3401,4,3,5
3406,4,4,6
3457,4,3,6
3466,4,4,6
3469,4,3,6
3490,3,3,6
3491,6,4,5
3492,4,3,6
3494,4,3,6
3496,3,3,6
3497,2,3,5
3503,4,3,5
3510,1,1,5
3535,2,1,6
3546,1,1,4
3562,4,3,6
3595,3,2,6
3600,3,3,5
3611,3,3,4
3612,3,3,5
3621,5,3,5
3625,3,3,4
3633,4,4,5
3647,4,3,6
3648,3,2,6
3659,4,2,6
3662,2,2,6
3665,4,3,6
3682,1,1,6
3686,4,4,5
3698,3,3,5
3708,4,4,5
3727,4,3,6
3729,4,3,6
3766,4,4,5
3878,3,3,6
3932,3,3,4
3941,1,3,2
3942,3,3,6
3948,3,3,6
3950,4,3,4
3953,3,2,4
3955,3,3,6
3958,3,1,4
3960,2,1,2
3982,3,3,6
3992,3,3,6
3993,3,3,6
3996,3,3,6
3997,3,1,3
4002,2,1,5
4006,4,3,5
4010,3,3,6
4012,3,3,6
4015,3,3,6
4020,3,3,6
4023,3,3,6
4025,3,3,6
4027,3,3,6
4029,5,3,6
4033,3,3,6
4050,4,4,7
4055,5,3,5
4067,5,1,5
4072,4,2,6
4076,1,2,6
4082,5,2,7
4092,3,3,6
4096,3,2,7
4098,4,4,5
4101,4,3,5
4102,6,3,7
4105,4,1,6
4107,3,3,6
4112,3,3,6
4113,4,2,6
4116,1,2,6
4117,3,3,5
4118,1,2,6
4119,3,3,6
4122,3,4,5
4124,4,3,6
4125,4,4,4
4129,4,3,6
4132,3,3,6
4133,3,3,6
4134,4,3,5
4135,1,4,5
4137,4,3,6
4138,4,3,5
4139,5,1,5
4141,6,2,7
4146,3,3,6
4149,4,4,5
4150,4,3,6
4151,4,3,7
4154,4,3,5
4163,6,4,6
4164,4,3,6
4169,6,4,5
4170,6,4,5
4172,4,2,4
4174,5,3,6
4175,3,3,6
4176,5,4,5
4177,4,3,6
4179,5,3,6
4182,3,3,6
4183,6,4,4
4185,4,2,4
4186,3,3,4
4188,1,3,6
4190,4,3,6
4191,6,4,5
4193,6,3,6
4195,6,4,5
4196,5,4,4
4200,4,4,4
4201,3,3,5
4202,3,4,5
4204,3,3,6
4205,4,2,6
4206,3,3,6
4209,2,3,5
4211,3,2,6
4212,4,4,4
4213,5,3,5
4215,5,3,5
4218,3,3,6
4219,3,3,5
4222,5,3,6
4226,4,4,7
4227,3,3,4
4228,6,3,6
4229,1,4,5
4230,5,3,6
4234,5,3,6
4235,5,3,4
4243,6,4,5
4246,3,3,6
4254,6,4,6
4258,4,4,5
4260,4,3,6
4263,4,3,6
4266,3,4,6
4268,5,3,6
4275,1,1,6
4281,4,3,6
4283,2,2,4
4290,4,3,6
4293,2,3,5
4303,3,3,6
4304,5,3,5
4308,3,3,6
4310,5,3,6
4320,4,3,6
4324,3,3,6
4325,4,3,6
4330,5,3,6
4332,4,1,6
4343,2,2,5
4344,2,3,5
4345,5,3,6
4347,1,2,3
4350,1,3,4
4351,4,3,4
4355,2,3,4
4357,3,3,6
4358,2,1,3
4360,5,3,5
4361,5,3,6
4372,6,3,6
4376,3,3,6
4377,5,4,5
4381,3,2,6
4383,5,4,5
4384,2,1,3
4386,4,4,5
4388,5,4,5
4389,3,2,5
4393,3,3,4
4395,1,3,5
4400,4,3,5
4410,4,3,5
4413,5,3,6
4419,3,3,6
4427,4,3,6
4441,6,4,5
4445,4,3,6
4462,5,3,5
4464,6,4,7
4467,5,4,4
4472,3,1,6
4477,4,3,4
4479,3,3,4
4482,5,4,6
4484,6,4,7
4498,4,4,5
4506,5,4,6
4507,6,3,6
4509,3,3,6
4511,3,3,6
4513,4,4,5
4517,4,4,5
4521,5,4,5
4523,5,4,5
4525,4,4,5
4526,4,3,6
4532,4,4,5
4537,3,3,5
4544,3,4,5
4545,3,4,5
4549,4,4,5
4555,3,4,4
4564,4,4,6
4569,4,3,5
4573,6,4,5
4577,5,4,5
4581,4,4,5
4584,6,4,5
4587,5,3,5
4591,4,4,5
4595,4,3,4
4706,5,4,5
4720,4,3,5
4743,6,4,5
4768,5,3,3
4781,1,3,3
4784,3,4,5
4788,2,3,5
4808,4,4,7
4814,6,3,7
4819,3,3,4
4820,2,3,4
4824,4,4,6
4832,3,4,5
4837,2,3,5
4839,3,4,5
4873,3,3,6
4894,2,2,5
4921,4,3,5
4980,6,4,2
5099,2,2,5
5111,1,1,5
5114,3,3,6
5121,1,2,6
5123,4,4,4
5125,3,3,6
5126,3,3,7
5127,2,2,6
5132,3,4,5
5133,1,2,6
5134,1,3,6
5136,4,4,5
5139,4,4,5
5140,4,3,4
5142,4,3,5
5143,2,3,5
5145,5,4,5
5150,2,2,5
5152,5,4,6
5156,2,2,6
5163,5,4,5
5166,2,1,6
5168,3,3,6
5172,3,3,6
5179,1,1,6
5180,3,3,6
5183,3,3,6
5184,3,4,5
5190,3,4,5
5192,6,4,5
5214,4,4,4
5216,4,4,5
5304,3,1,6
5311,3,2,6
5314,5,3,6
5320,3,1,6
5334,3,3,5
5337,3,3,6
5343,4,4,5
5348,3,4,6
5351,1,1,5
5355,4,3,6
5366,1,1,5
5374,4,3,5
5381,3,3,5
5383,1,2,5
5387,3,3,5
5398,2,3,5
5399,4,4,5
5402,3,3,5
5405,4,3,4
5412,3,3,4
5419,5,3,4
5421,3,3,5
5424,4,4,5
5428,5,3,6
5429,4,4,5
5436,4,3,6
5438,2,3,6
5440,3,4,5
5442,5,4,5
5445,3,4,4
5447,1,2,5
5449,3,4,6
5455,4,4,5
5456,4,3,5
5457,4,3,6
5458,6,4,4
5459,6,4,7
5462,2,2,6
5463,2,2,6
5464,3,3,6
5466,3,4,5
5467,2,2,6
5469,3,2,6
5473,4,4,5
5476,5,3,7
5479,6,4,7
5480,2,1,6
5653,4,3,5
5654,2,2,6
5663,3,3,6
5665,1,3,4
5680,1,2,5
5681,5,4,6
5694,2,4,6
5697,2,2,5
5711,1,3,5
5716,2,4,6
5723,1,2,5
5726,5,4,6
5733,3,3,5
5735,4,3,6
5737,1,2,5
5739,1,4,5
5742,3,3,6
5743,4,3,5
5745,4,3,6
5746,3,3,6
5747,3,4,3
5751,3,3,6
5754,2,4,5
5756,2,2,6
5759,3,3,6
5760,2,2,5
5762,3,3,6
5765,3,3,6
5790,6,3,5
5957,4,3,5
5963,4,3,5
5973,5,3,6
5976,4,4,5
5980,3,3,6
6000,3,3,6
6006,4,3,6
6009,3,4,5
6015,3,3,6
6021,3,2,6
6025,3,3,6
6027,3,3,5
6030,2,1,5
6041,1,1,5
6043,3,3,5
6048,6,4,5
6050,3,3,6
6057,1,2,5
6062,6,3,7
6065,4,4,5
6070,3,3,6
6076,4,4,5
6078,5,3,5
6082,2,1,5
6085,6,4,6
6086,3,4,5
6089,1,1,5
6090,5,4,6
6092,6,4,4
6095,3,3,5
6096,3,3,6
6097,3,3,6
6099,2,1,6
6100,5,4,5
6102,2,1,5
6103,6,3,5
6105,5,3,6
6107,4,4,5
6110,6,3,5
6113,3,3,6
6114,2,1,5
6117,4,4,5
6125,1,2,6
6127,6,4,5
6134,2,1,6
6141,3,3,6
6148,3,3,6
6157,2,1,6
6160,1,2,6
6166,3,3,7
6168,3,3,3
6201,1,2,5
6204,4,4,5
6214,6,4,7
6218,6,4,7
6221,3,3,5
6222,1,2,5
6225,2,2,5
6227,4,3,4
6230,3,3,5
6231,5,3,6
6238,4,4,4
6239,2,3,5
6245,2,3,6
6246,2,2,6
6253,1,1,5
6256,3,3,4
6260,5,4,7
6261,5,3,4
6263,2,2,5
6265,6,3,5
6266,4,3,4
6271,6,4,7
6274,3,4,5
6278,2,2,6
6280,4,4,6
6286,4,2,4
6293,2,3,6
6296,1,2,6
6299,4,3,7
6304,4,3,6
6309,2,3,6
6310,6,4,5
6311,2,3,6
6312,4,4,5
6315,5,4,5
6317,3,3,5
6318,6,4,6
6322,1,3,5
6325,4,4,5
6330,4,4,5
6331,4,3,4
6333,4,4,6
6342,4,4,5
6348,3,3,6
6349,1,3,6
6350,1,2,5
6351,2,3,6
6358,5,3,7
6359,4,3,6
6360,2,1,5
6366,2,3,6
6367,3,3,4
6375,2,3,6
6381,5,4,6
6382,6,3,6
6392,2,3,5
6394,2,3,5
6398,2,1,6
6401,2,3,5
6405,2,3,5
6406,2,2,5
6407,3,3,6
6412,3,3,5
6413,2,3,5
6414,4,4,5
6415,2,2,5
6420,4,4,5
6423,3,2,5
6425,4,3,5
6426,2,1,5
6427,4,3,5
6429,1,4,5
6437,3,3,4
6438,2,3,5
6439,4,4,7
6440,4,3,5
6442,2,1,5
6447,2,3,5
6448,4,4,4
6449,4,3,5
6452,1,4,5
6458,2,3,5
6460,4,4,4
6465,1,1,5
6467,3,1,6
6476,2,3,5
6477,2,3,5
6482,1,1,6
6487,2,1,5
6493,1,2,6
6496,2,2,6
6499,1,1,5
6501,2,2,5
6502,1,3,5
6505,2,3,5
6517,2,2,5
6524,1,3,5
6531,1,2,6
6535,5,4,6
6546,1,1,7
6558,4,4,5
6562,1,1,6
6571,3,2,7
6572,2,3,5
6578,3,3,6
6580,2,3,5
6584,2,3,5
6586,2,3,5
6595,2,3,6
6598,3,4,5
6604,3,3,6
6621,6,4,6
6624,4,4,5
6633,4,4,6
6642,5,4,6
6656,3,3,4
6663,3,3,6
6693,4,4,6
6695,1,2,5
6703,1,3,6
6708,1,2,6
6710,1,3,5
6719,2,3,6
6723,5,3,6
6731,2,3,5
6734,3,4,6
6750,4,4,5
6753,3,3,4
6770,3,3,6
6782,1,1,6
6784,2,3,5
6794,2,2,6
6799,2,3,5
6825,2,3,5
6830,2,3,5
6833,2,3,5
6839,2,3,5
6843,2,3,5
6849,3,3,6
6852,4,2,6
6859,3,4,5
6864,3,2,6
6868,5,3,6
6877,2,3,5
6914,4,4,6
6982,1,1,5
6997,1,2,5
7009,3,3,5
7012,1,1,5
7014,1,3,6
7020,1,1,5
7021,3,3,5
7028,3,3,6
7043,4,4,5
7044,3,3,5
7053,3,3,5
7059,5,3,6
7061,1,3,5
7066,4,3,5
7077,1,2,4
7089,3,2,5
7109,6,4,6
7122,2,1,4
7139,1,4,4
7151,1,3,5
7159,5,4,7
7249,4,2,6
7255,3,3,6
7285,3,1,6
7308,1,2,5
7326,1,2,6
7350,1,2,5
7360,3,2,7
7370,1,2,5
7391,1,2,5
7403,2,2,6
7444,1,1,6
7458,3,3,5
7464,3,2,6
7465,1,3,6
7472,2,3,5
7480,4,3,6
7491,1,2,5
7496,4,3,4
7507,4,3,4
7511,4,3,5
7514,6,4,5
7522,4,3,6
7530,1,3,3
7535,5,3,5
7540,3,3,5
7571,3,3,6
7579,4,3,6
7586,4,3,4
7590,1,2,5
7593,5,3,6
7603,4,4,5
7611,2,1,5
7614,3,3,6
7620,2,2,5
7629,1,2,5
7642,5,3,5
7656,3,3,6
7661,1,2,5
7669,3,3,6
7701,1,2,5
7719,3,4,7
7733,1,4,4
7797,2,1,5
7803,1,2,5
7810,4,2,6
7817,2,2,5
7822,2,1,6
7827,1,2,5
7839,3,3,6
7840,3,1,5
7849,2,3,6
7879,1,2,5
7905,5,4,5
7906,4,3,5
7917,2,4,5
7918,3,3,6
7923,3,4,4
7928,4,3,5
7929,6,4,4
7936,1,1,2
7940,1,1,4
7948,1,2,5
7983,2,1,5
7986,2,1,6
7990,3,1,6
7996,1,2,5
8000,1,1,5
8012,1,2,5
8022,1,1,6
8030,2,1,6
8034,3,3,6
8043,2,1,5
8046,1,1,5
8049,1,1,5
8055,2,1,6
8060,1,2,5
8066,1,1,5
8076,1,2,6
8089,1,2,5
8095,4,3,4
8107,4,3,5
8122,3,1,6
8131,3,4,6
8143,2,1,6
8146,2,4,6
8157,1,2,5
8161,3,4,6
8168,1,1,6
8175,1,3,4
8186,1,2,5
8203,1,2,5
8221,1,2,5
8234,2,2,5
8238,1,2,5
8250,3,2,6
8260,1,1,6
8262,4,3,6
8264,4,3,6
8268,4,4,6
8272,1,2,5
8276,1,2,5
8286,4,3,6
8299,1,1,6
8301,4,3,6
8318,2,1,5
8323,6,2,5
8339,6,2,5
8359,6,2,5
8375,4,3,5
8400,6,4,6
8404,2,1,5
8435,6,4,6
8437,1,1,6
8445,4,4,5
8447,2,1,5
8455,3,2,6
8469,2,2,5
8479,1,1,5
8488,3,3,5
8495,2,1,5
8497,4,4,4
8509,1,1,6
8517,1,3,6
8536,6,3,5
8567,6,3,6
8609,3,2,5
8635,3,3,6
8661,3,3,5
8711,4,3,6
8731,3,3,6
8737,2,1,5
8747,3,3,5
8752,1,1,6
8754,4,2,5
8758,3,2,5
8775,3,2,6
8805,3,3,6
8815,3,2,6
8831,3,1,5
8836,2,1,5
8873,1,1,6
8885,2,1,6
8895,3,2,5
8916,4,3,6
8926,3,2,5
8930,5,3,6
8933,5,3,6
8937,6,3,6
8943,4,3,6
8948,3,2,5
8962,4,3,6
8966,1,4,7
8977,3,3,6
9024,4,3,5
9077,1,3,4
9327,4,3,6
9330,1,1,5
9333,4,4,5
9335,6,4,6
9338,3,1,5
9340,3,1,5
9346,1,1,5
9364,3,1,5
9368,3,1,5
9381,3,1,5
9419,4,1,5
9447,3,1,5
9499,4,1,5
9524,3,1,5
9525,3,1,6
9531,3,1,5
9563,2,1,5
9587,1,1,5
9592,1,1,5
9594,2,1,4
9620,2,2,5
9625,3,3,5
9633,1,1,5
9655,1,3,5
9659,1,3,5
9662,2,2,5
9670,2,1,4
9673,2,2,5
9682,2,1,4
9683,2,1,4
9730,1,2,5
9740,2,1,5
9743,2,1,4
9753,2,1,4
9755,2,1,4
9762,2,1,4
9764,1,1,5
9773,1,1,5
9774,2,1,4
9787,2,1,4
9795,2,1,5
9796,2,2,5
9813,1,2,5
9814,1,1,5
9822,2,1,4
9837,3,1,5
9838,3,2,5
9848,3,3,6
9863,3,1,6
9868,1,1,6
9875,1,1,4
9882,2,1,5
9892,2,2,5
9897,1,1,6
9909,1,1,5
9912,2,1,6
9916,4,4,4
9922,3,2,6
9924,1,1,4
9932,2,3,5
9933,1,1,4
9936,4,4,6
9956,6,2,6
9968,3,1,6
9974,4,4,5
9980,6,3,6
9987,1,1,6
9991,1,1,6
9993,1,3,5
9996,1,3,6
9997,1,1,6
9998,1,1,5
9999,1,3,6
10001,1,1,6
10003,1,1,6
10004,1,1,5
10005,1,1,5
10006,1,1,4
10007,1,3,5
10010,1,1,5
10011,1,1,6
10013,1,1,5
10016,1,1,6
10018,1,1,6
10019,1,1,4
10021,1,1,4
10030,1,1,4
10073,4,4,5
10091,4,3,6
10094,3,4,5
10124,3,1,5
10133,3,3,5
10136,1,1,6
10147,4,3,6
10167,1,2,5
10171,1,4,4
10530,2,1,5
10531,2,2,5
10534,1,2,6
10536,4,1,4
10538,2,1,6
10540,2,1,5
10541,2,1,6
10542,2,2,5
10543,2,1,6
10544,2,1,5
10545,1,1,6
10548,2,1,5
10552,3,3,5
10556,3,4,5
10557,4,1,4
10559,1,1,6
10560,3,2,6
10562,4,3,5
10564,1,1,5
10566,1,1,6
10568,2,1,5
10569,5,4,6
10570,2,1,6
10571,4,3,5
10573,4,1,4
10575,4,4,6
10576,6,4,5
10577,4,3,5
10578,4,1,4
10580,4,1,4
10581,4,1,4
10582,2,1,5
10590,2,1,5
10591,1,2,6
10592,1,1,5
10594,1,3,5
10626,3,3,6
10628,4,2,5
10629,3,1,6
10630,3,1,4
10633,3,1,4
10636,2,3,6
10640,4,4,6
10641,4,4,5
10643,3,1,4
10644,1,2,5
10645,6,4,6
10647,4,3,5
10660,4,2,6
10662,3,1,5
10663,3,1,6
10664,4,3,5
10665,3,3,4
10666,3,3,5
10667,3,3,6
10668,3,1,4
10669,3,3,5
10671,3,3,5
10672,1,4,5
10673,3,1,4
10674,3,3,5
10678,3,3,5
10684,2,4,3
10685,4,2,5
10687,2,3,5
10688,3,3,5
10690,3,1,4
10691,3,3,5
10693,5,3,6
10700,4,3,5
10701,3,3,5
10702,4,3,5
10703,3,1,4
10705,5,2,6
10712,2,3,5
10713,1,1,5
10714,1,1,5
10715,1,1,5
10716,1,1,5
10717,6,3,6
10718,1,1,5
10722,2,1,5
10724,6,4,6
10728,3,1,4
10730,4,4,6
10731,1,1,5
10733,1,1,5
10737,3,1,4
10742,2,1,5
10743,4,3,6
10744,1,1,5
10745,1,1,5
10746,3,1,4
10747,1,1,5
10748,1,1,5
10752,4,3,6
10753,4,3,6
10754,3,3,6
10757,1,1,5
10759,1,3,6
10764,3,3,6
10766,4,3,6
10768,1,3,6
10789,4,3,6
10790,6,4,5
10791,3,3,6
10792,4,3,6
10793,3,3,6
10794,3,2,6
10795,3,1,4
10796,3,4,5
10798,1,3,6
10799,4,3,6
10800,4,4,5
10801,4,4,6
10802,1,1,5
10803,3,1,4
10804,6,4,6
10805,1,1,5
10806,1,1,5
10807,3,1,4
10808,2,1,5
10809,4,3,6
10810,1,3,5
10811,2,1,4
10812,3,3,6
10813,3,2,6
10815,3,3,6
10817,3,2,6
10820,2,1,4
10841,1,1,5
10842,1,1,5
10844,1,1,5
10846,2,2,5
10847,1,1,5
10848,1,1,5
10852,1,1,5
10853,1,1,5
10854,1,1,5
10855,3,2,5
10856,2,1,4
10858,2,1,4
10859,3,1,5
10895,2,2,6
10897,2,1,5
10899,2,1,6
10902,3,2,6
10905,2,1,4
10906,2,1,4
10908,2,1,4
10910,2,2,4
10911,4,4,5
10912,2,1,6
10913,1,1,5
10918,2,1,4
10921,2,1,4
10926,4,3,6
10929,3,3,6
10930,2,1,4
10943,3,2,6
10946,3,2,6
10949,3,3,5
10953,3,2,6
10954,2,2,6
10955,3,2,6
10956,2,2,6
10958,4,3,4
10959,4,3,4
10965,1,3,6
10966,2,1,4
10968,3,1,6
10970,2,2,5
10971,2,1,4
10977,2,1,4
10978,5,4,5
10980,3,3,6
10981,3,4,5
10986,2,1,4
10988,1,3,6
10989,3,4,5
10996,6,4,6
10998,2,1,4
11001,2,2,6
11007,3,2,6
11017,4,4,5
11018,3,3,5
11019,2,1,3
11020,4,3,6
11023,4,3,5
11024,1,3,4
11025,1,1,3
11027,3,3,6
11032,1,1,3
11035,1,1,3
11036,4,4,5
11038,2,3,5
11039,1,1,3
11041,4,4,4
11043,4,4,4
11044,2,3,4
11045,3,4,5
11046,1,1,3
11048,4,4,5
11049,4,3,4
11052,3,3,4
11053,1,1,3
11060,3,3,5
11068,3,2,4
11071,4,3,5
11073,4,4,4
11075,6,4,6
11077,1,2,2
11081,4,2,4
11085,4,2,4
11087,4,3,5
11092,1,1,3
11100,3,3,3
11105,1,3,2
11107,1,1,3
11113,4,3,6
11114,1,1,3
11116,1,1,3
11120,1,3,6
11123,1,1,3
11126,4,3,4
11127,2,2,6
11128,1,1,3
11129,3,3,6
11130,1,2,5
11131,1,2,6
11132,1,3,5
11133,2,3,4
11135,3,2,6
11136,2,2,6
11137,3,4,6
11138,2,3,6
11144,1,4,5
11145,2,1,6
11146,4,1,6
11147,1,1,5
11148,4,2,6
11149,1,3,5
11150,1,1,5
11151,4,2,6
11153,4,2,6
11155,4,2,6
11156,2,3,5
11157,3,1,6
11158,1,1,5
11159,1,3,6
11160,1,1,5
11163,2,1,6
11164,1,3,5
11165,2,2,6
11168,1,1,5
11169,1,1,3
11170,1,3,5
11171,1,1,5
11172,3,3,6
11173,4,4,4
11174,1,1,5
11175,4,4,5
11177,2,1,5
11178,1,1,5
11179,5,2,5
11180,3,2,6
11182,1,1,5
11183,1,1,5
11187,1,3,5
11188,2,2,2
11193,3,2,4
11194,5,1,5
11195,4,1,4
11200,1,1,3
11201,1,1,5
11203,1,1,5
11204,1,1,3
11205,1,1,5
11206,1,1,3
11207,1,1,5
11209,1,1,5
11213,3,2,4
11214,3,1,5
11216,4,2,5
11218,6,4,5
11219,4,2,4
11221,3,1,4
11222,1,1,3
11225,3,2,6
11227,4,2,5
11228,6,1,2
11229,4,1,3
11232,4,4,5
11233,1,1,5
11234,3,2,6
11235,4,4,5
11236,4,2,6
11237,1,1,5
11238,2,1,6
11240,4,1,6
11241,1,1,5
11242,5,1,2
11243,1,1,5
11244,5,4,5
11245,1,1,5
11246,1,3,5
11247,4,1,2
11248,1,1,5
11250,3,1,1
11251,4,2,6
11252,4,2,5
11253,2,1,6
11254,2,1,6
11257,5,4,5
11258,2,1,6
11260,4,4,5
11262,6,4,5
11265,4,1,6
11267,5,4,5
11268,2,1,6
11269,1,1,6
11270,1,1,6
11271,1,1,6
20002,3,3,5
20003,5,3,5
20004,3,3,4
20005,4,2,5
20006,4,3,5
20007,1,4,4
20008,4,3,6
20009,4,4,4
20010,3,3,4
20011,3,3,4
20013,5,3,4
20015,5,3,4
20016,4,3,4
20017,6,3,4
20018,4,3,4
20020,3,3,4
20021,5,2,4
20023,4,2,5
20025,5,3,4
20031,4,3,4
20032,6,3,4
20033,2,2,5
20034,5,2,6
20035,5,2,4
20036,2,2,6
20037,4,2,5
20038,1,2,5
20039,4,2,4
20041,3,4,4
20042,6,3,5
20043,1,2,2
20044,5,3,4
20045,3,4,7
20046,2,2,4
20047,5,4,4
20049,2,1,4
20050,3,3,4
20051,4,3,4
20052,6,4,4
20053,6,4,7
20055,1,3,6
20057,2,3,4
20058,1,2,6
20059,6,4,5
20061,5,3,6
20062,4,2,5
20063,1,2,3
20064,6,3,5
20065,2,2,4
20066,2,3,5
20067,3,4,5
20068,4,3,5
20070,5,4,7
20071,3,3,4
20073,4,3,3
20075,1,3,4
20076,2,3,5
20077,3,3,6
20078,4,2,4
20079,1,2,5
20080,5,3,7
20081,2,3,5
20082,3,3,4
20084,5,3,6
20085,3,3,6
20086,4,4,5
20087,1,3,4
20088,2,4,6
20090,3,3,6
20091,5,3,4
20092,3,3,5
20093,2,3,6
20094,2,2,6
292,5,1,6
293,3,3,5
297,6,3,7
298,3,2,5
299,4,1,7
300,6,4,7
301,3,3,5
302,3,3,7
313,4,4,4
314,5,1,7
317,3,3,6
321,4,2,5
325,4,3,5
328,5,3,6
334,4,1,5
335,3,1,5
336,4,3,5
400,1,2,5
403,2,3,6
406,1,3,5
408,6,4,7
409,6,4,7
488,3,3,6
494,1,3,6
536,5,3,7
539,3,2,6
541,4,4,6
542,3,4,6
546,3,3,6
554,6,4,7
558,4,3,6
565,5,3,6
567,6,3,6
572,6,4,7
575,6,4,7
580,4,3,6
584,4,4,6
591,4,4,6
596,4,3,6
599,6,4,6
600,4,3,6
1363,4,3,6
1370,4,3,5
1387,3,3,5
1828,6,4,7
1915,4,4,7
1968,1,3,6
2055,1,3,5
2063,1,3,4
2065,4,3,7
2086,3,4,6
2105,4,4,6
2128,3,3,6
2226,1,2,7
2262,1,3,7
2269,4,4,6
2296,1,3,7
2302,4,4,6
2799,3,1,6
2807,1,1,6
2827,4,4,6
2832,4,1,6
2844,4,1,7
2995,3,1,6
2998,1,3,6
3010,1,1,6
3015,4,4,7
3030,1,1,6
3040,4,3,7
3050,4,4,6
3059,4,4,6
3069,2,3,5
3076,3,1,7
3083,3,1,6
3129,1,2,5
3151,5,4,7
3165,1,1,6
3354,5,1,6
3373,3,4,6
3375,3,2,6
3379,4,3,6
3383,4,3,6
3400,1,2,6
3413,1,2,5
3415,1,2,6
3423,1,1,6
3427,1,1,5
3431,1,1,5
3489,3,3,6
3501,2,1,6
3504,4,3,6
3513,4,3,6
3518,2,1,6
3526,2,1,6
3537,1,3,4
3538,4,3,6
3539,2,1,7
3549,1,1,5
3553,3,3,7
3557,4,3,6
3563,4,3,6
3568,3,3,6
3574,3,1,5
3580,2,1,7
3582,2,1,5
3585,4,2,6
3589,2,1,5
3590,3,3,6
3591,4,3,6
3594,3,1,5
3598,3,3,6
3601,3,3,5
3607,6,3,6
3608,4,3,5
3609,2,1,7
3613,4,1,6
3618,1,1,6
3624,3,1,6
3626,3,3,6
3632,3,3,5
3634,2,1,5
3640,6,3,6
3641,3,1,5
3642,4,3,6
3643,4,3,6
3646,4,3,6
3650,3,2,6
3651,4,3,6
3658,1,1,5
3660,2,2,5
3668,3,2,5
3681,2,1,6
3688,2,1,6
3695,2,1,6
3700,2,1,6
3704,3,1,5
3711,2,1,5
3714,4,3,6
3732,4,3,6
3735,4,3,6
3738,3,3,6
3748,6,2,5
3755,4,3,5
3767,4,2,6
3768,1,3,6
3770,4,3,6
3772,4,3,6
3776,1,1,6
3777,5,3,6
3783,3,3,5
3800,4,3,6
3802,3,2,7
3808,1,1,6
3810,5,4,6
3813,4,3,6
3815,4,3,6
3816,4,3,6
3817,4,3,6
3818,4,3,6
3819,5,3,6
3821,2,2,5
3822,3,2,5
3825,6,3,6
3827,2,2,6
3832,3,3,7
3833,1,2,6
3834,5,3,6
3837,4,4,7
3838,4,3,6
3842,4,3,6
3845,1,2,5
3854,3,4,6
3856,3,4,7
3857,3,3,6
3858,2,2,5
3860,4,4,7
3862,4,4,7
3865,2,2,5
3866,3,3,6
3867,3,3,6
3873,3,1,5
3875,2,2,6
3884,2,2,5
3888,4,4,7
3893,2,2,6
3901,3,1,6
3905,2,3,5
3908,2,2,5
3911,2,2,6
3912,3,1,6
3914,2,2,5
3918,3,1,6
3920,2,2,6
3925,1,2,5
3930,2,2,5
3935,3,3,6
3937,1,2,6
3944,1,2,6
3949,2,2,5
3954,2,2,5
4000,3,3,6
4007,3,2,5
4011,3,2,6
4016,4,3,5
4542,3,4,5
4550,3,3,5
4556,3,2,5
4562,3,1,6
4563,3,2,6
4572,3,2,6
4580,3,3,6
4582,3,2,6
4617,2,2,6
4625,3,2,6
4626,1,1,5
4633,2,2,5
4641,3,3,6
4647,3,2,6
4649,3,3,6
4703,1,2,5
4704,3,3,6
4710,3,3,6
4712,2,2,5
4725,1,3,5
4729,1,1,5
4738,4,4,5
4739,4,3,5
4744,3,2,5
4745,4,3,5
4754,3,2,5
4755,3,3,6
4763,1,3,5
4779,3,3,5
4782,3,3,5
4785,3,3,6
4787,1,3,6
4792,3,2,6
4796,2,3,6
4842,3,2,6
4848,1,1,6
4876,1,2,6
4877,6,4,6
4897,3,3,6
4898,1,2,6
4906,3,3,5
4907,2,3,6
4918,4,4,5
4919,1,2,6
4927,2,3,6
4932,1,2,5
4942,2,3,6
4945,3,3,6
4957,3,3,6
4958,2,3,6
4969,2,1,6
4970,3,2,6
4985,2,1,6
4988,2,3,5
5000,2,2,6
5003,1,3,6
5012,1,3,5
5015,3,3,6
5016,2,4,5
5020,4,4,6
5041,3,3,6
5045,6,4,5
5052,3,3,6
5056,1,1,6
5063,6,4,4
5068,1,3,6
5074,4,3,4
5076,3,3,6
5086,3,3,6
5087,2,3,5
5103,3,3,6
5105,5,3,5
5109,1,3,6
5115,1,3,5
5117,3,1,4
5119,3,3,6
5225,3,3,6
5230,3,3,5
5238,4,2,6
5259,1,1,5
5266,4,3,6
5281,4,3,4
5290,3,3,5
5299,1,1,5
5307,1,1,6
5319,2,3,6
5327,4,3,5
5486,3,3,4
5496,4,3,6
5505,4,3,6
5529,5,3,6
5533,1,3,5
5538,3,3,6
5545,4,3,5
5549,4,3,6
5552,4,3,6
5556,5,3,6
5563,4,2,6
5564,4,1,6
5567,1,1,6
5568,3,3,6
5575,3,3,6
5582,5,4,6
5583,2,2,6
5584,5,3,6
5597,1,2,6
5599,4,3,7
5602,3,3,6
5606,6,3,7
5609,3,1,7
5612,1,1,6
5613,6,3,6
5617,3,3,6
5620,3,3,6
5627,3,3,6
5631,6,3,6
5632,5,4,6
5643,3,1,6
5644,5,3,6
5645,6,4,7
5648,3,1,6
5652,3,2,6
5656,2,3,5
5658,2,1,6
5660,3,3,6
5661,3,2,7
5662,3,3,6
5670,3,3,6
5674,6,3,6
5679,1,2,6
5690,3,1,6
5699,2,1,5
5703,3,1,5
5713,3,1,5
5778,3,1,6
5781,3,3,6
5789,5,3,5
5791,3,2,6
5796,1,2,6
5797,5,3,6
5798,3,2,6
5800,3,1,4
5803,3,3,6
5804,3,1,6
5806,3,3,5
5812,3,1,6
5813,3,1,6
5819,3,3,6
5823,3,3,6
5828,3,3,5
5829,4,3,6
5835,3,3,6
5852,4,3,6
5857,4,3,4
5863,1,1,5
5871,3,3,6
5874,3,3,5
5884,4,4,4
5887,2,2,6
5889,3,3,6
5891,3,3,6
5901,4,3,5
5906,3,4,5
5913,5,4,6
5924,5,4,5
5925,3,3,6
5937,1,2,5
5951,3,3,6
5966,1,2,6
5974,6,4,6
5978,2,3,5
5991,3,2,6
6035,1,2,5
6177,3,3,6
6185,3,3,6
6192,3,3,6
6197,5,3,6
6200,2,2,6
6202,6,4,6
6212,3,3,6
6217,2,3,6
6229,3,3,6
6257,2,2,6
6504,2,3,5
6508,1,3,5
6515,2,3,5
6530,2,3,6
6534,3,3,6
6537,1,3,5
6540,1,2,6
6549,3,3,5
6555,2,3,6
6568,3,3,6
6579,2,2,6
6589,1,2,6
6732,1,3,6
6789,4,1,6
6805,3,1,7
6810,1,2,7
6848,2,3,5
6858,2,3,5
6885,1,3,5
6893,4,1,6
6923,2,3,5
6924,4,4,6
6935,2,3,5
6983,2,3,5
6999,2,3,5
7015,4,2,6
7026,3,3,6
7316,3,3,6
7532,1,2,5
7533,2,3,5
7538,2,3,5
7539,1,2,5
7604,3,3,6
7615,3,3,6
7626,3,3,5
7638,1,3,5
7647,3,2,7
7658,1,3,6
7667,3,3,5
7672,1,1,6
7678,1,2,5
7689,4,3,6
7704,1,1,6
7717,1,2,5
7820,2,3,6
8128,3,3,6
8160,4,4,6
8180,1,2,5
8235,1,2,5
8242,5,3,6
8259,4,3,6
8273,1,2,5
8288,5,4,6
8308,4,4,6
8327,6,2,5
8677,3,4,6
8688,1,2,6
8708,5,4,6
8732,4,2,5
8748,4,4,6
8761,3,3,5
8773,5,4,6
8794,3,4,5
8799,4,3,6
8801,5,3,6
8888,3,3,5
8893,4,4,6
8901,4,3,6
8903,3,4,6
8911,5,4,7
8915,2,3,5
8927,6,4,6
8934,5,4,6
8944,1,4,6
8950,4,3,6
8953,5,3,6
8959,4,3,6
8964,5,4,7
8967,6,3,6
8982,4,3,5
8983,3,3,5
8994,3,3,6
8995,2,3,6
8996,3,2,5
9002,3,3,6
9003,3,3,5
9012,3,2,5
9014,4,3,6
9016,6,3,6
9017,3,2,5
9020,3,3,5
9025,3,3,5
9033,4,3,6
9039,3,4,6
9044,3,3,5
9049,3,3,6
9050,1,1,6
9052,4,4,6
9056,2,3,4
9057,1,3,5
9065,3,3,5
9070,4,4,6
9071,2,3,5
9072,1,2,6
9075,5,3,6
9076,3,3,6
9082,3,2,5
9086,4,3,6
9106,2,3,5
9274,3,3,6
9278,5,3,5
9281,1,1,6
9287,4,3,6
9293,3,1,6
9297,3,3,6
9300,3,4,5
9303,4,3,5
9312,3,3,6
9313,1,1,6
9314,4,4,6
9318,3,3,6
9323,5,4,6
9354,3,1,6
9361,4,3,6
9372,6,4,7
9392,6,3,7
9438,4,3,6
9461,4,4,6
9470,3,3,7
9502,6,3,7
9509,1,2,6
9530,4,3,6
9537,6,3,6
9544,3,1,5
9685,4,4,5
9694,3,3,5
9742,4,4,6
9756,3,4,6
9766,3,4,6
9776,5,3,7
9802,5,4,6
9825,3,4,5
9836,4,4,5
9853,4,2,5
9879,4,3,6
9938,3,3,6
9944,4,3,6
9951,3,3,6
9954,4,4,6
10025,3,4,6
10224,5,3,5
10595,4,3,6
10597,4,2,6
10600,4,3,6
10612,2,3,6
10620,3,1,4
165,2,4,4
173,6,4,7
215,6,3,5
219,1,3,5
236,4,3,4
242,1,2,4
282,5,3,4
294,4,2,4
333,2,3,4
338,1,1,4
344,4,1,5
347,1,1,5
355,1,1,4
356,3,3,4
358,3,1,4
359,1,1,4
362,5,4,4
364,1,1,4
365,4,2,6
366,5,4,4
368,5,4,4
372,5,2,7
380,1,2,4
383,1,2,4
384,2,2,4
385,3,1,4
387,2,2,4
396,1,2,4
398,1,1,4
402,1,2,4
404,1,1,4
457,1,1,4
458,2,1,4
460,1,1,4
463,1,2,4
476,1,1,4
503,3,1,5
505,6,4,7
506,6,1,5
508,1,1,5
531,6,4,5
532,4,1,5
533,2,2,5
534,2,2,5
538,6,2,6
540,1,1,6
544,1,1,6
548,6,4,7
552,1,1,6
556,1,1,6
561,4,3,5
564,1,3,6
568,6,4,7
571,6,4,7
577,1,3,5
579,6,4,7
581,4,2,6
582,3,1,5
583,1,2,5
585,6,4,7
586,4,3,4
588,3,3,5
592,6,1,6
593,6,4,7
609,6,4,7
610,1,1,5
648,2,1,4
653,1,2,4
655,1,1,4
726,1,2,4
730,1,1,4
733,4,2,6
735,4,3,6
738,6,2,6
742,6,4,7
744,4,3,6
747,6,4,7
748,4,2,6
753,6,4,7
756,6,2,6
760,6,4,7
762,6,4,7
763,4,2,5
764,6,4,7
766,4,2,6
767,4,3,5
769,4,2,6
772,4,2,6
773,4,2,4
774,4,2,5
775,4,2,4
776,4,2,5
777,4,3,5
780,4,2,5
896,6,4,7
898,1,1,6
940,1,3,5
969,1,1,6
974,6,4,7
1205,1,2,5
1218,1,3,4
1753,1,2,4
1765,1,3,5
1772,4,3,6
2097,4,3,6
2107,3,3,5
2182,1,1,7
2198,1,1,7
2355,4,1,6
2356,1,3,5
2361,4,3,5
2411,3,3,5
2445,3,3,6
2456,1,1,7
2471,3,3,4
2478,3,3,7
2482,4,3,5
2511,3,3,5
2514,3,3,5
2518,3,2,6
2522,4,2,5
2528,4,2,6
2541,4,2,5
2542,4,2,6
3869,4,2,5
3876,4,2,6
3882,2,1,6
3886,3,3,6
3896,3,3,6
4905,3,3,6
4910,3,3,6
4920,3,3,6
4929,4,4,6
4951,1,2,5
4959,5,2,6
4961,6,2,6
4977,5,2,6
4983,3,3,6
4987,4,2,5
4991,6,2,5
4993,5,3,6
4995,4,2,5
4998,4,2,6
5013,3,3,4
5028,1,4,5
5033,3,3,6
5037,4,3,6
5047,3,4,4
5350,3,2,5
5354,5,4,5
5363,6,4,6
5869,4,3,5
5893,4,4,6
6740,5,4,6
6804,4,3,5
6856,4,4,5
6908,3,3,5
6949,4,4,6
6957,4,3,6
6972,4,3,6
6990,3,2,6
7001,3,3,6
7016,4,4,5
7025,4,3,5
7039,4,2,5
7042,1,2,5
7052,1,3,5
7054,4,3,5
7057,1,3,5
7064,4,4,5
7073,4,3,5
7091,1,3,5
7309,6,4,5
7321,5,4,5
7324,6,4,5
7334,6,4,5
7335,6,4,5
7341,3,4,4
7344,6,4,5
7348,3,3,5
7349,6,4,5
7356,3,3,5
7357,4,4,6
7358,1,2,5
7363,1,1,5
7364,3,4,5
7373,1,2,5
7374,6,3,5
7385,6,3,5
7387,4,4,5
7392,1,2,5
7395,6,4,5
7408,4,4,5
7414,3,4,5
7419,2,1,5
7423,6,4,6
7428,1,2,5
7434,5,4,4
7437,4,4,5
7439,6,4,5
7443,6,4,5
7448,3,3,5
7452,6,4,5
7454,6,4,5
7457,3,2,6
7459,6,4,5
7466,1,2,5
7471,3,4,4
7477,1,1,5
7482,3,4,5
7488,3,3,4
7494,1,2,5
7497,1,2,5
7505,3,3,4
7509,1,2,5
7520,1,1,6
7526,1,2,5
7543,1,1,5
7578,1,2,5
7589,1,2,5
7598,1,2,5
7664,6,4,5
7681,3,4,6
7691,4,4,5
7763,6,4,5
7769,5,3,5
7773,1,2,5
7779,6,4,6
7912,4,4,5
7927,5,1,4
8040,4,4,5
8045,6,4,7
8067,1,1,5
8075,3,1,6
8078,2,1,5
8084,3,1,6
8108,3,1,5
8134,1,2,5
8136,3,1,4
8166,4,3,5
8171,2,1,5
8190,3,2,4
8196,1,1,5
8206,1,2,5
8219,1,1,5
8220,2,3,5
8224,4,4,5
8231,1,3,5
8244,1,1,5
8248,1,2,5
8258,1,1,5
8263,4,4,5
8265,5,3,5
8269,6,4,5
8271,3,4,5
8281,3,1,5
8282,6,2,5
8284,1,3,4
8293,2,1,5
8296,1,1,5
8302,3,3,5
8319,6,2,5
8320,2,1,5
8321,1,1,5
8325,3,3,6
8335,3,3,4
8351,4,3,5
8352,4,3,5
8358,1,4,4
8361,6,2,5
8366,3,3,6
8376,3,3,5
8378,1,2,4
8386,6,2,5
8393,1,4,4
8481,4,3,5
8483,5,2,5
8502,5,2,5
8511,5,2,5
8515,5,2,5
8531,5,2,5
8540,5,2,5
8564,5,1,5
8573,4,2,4
8581,4,2,4
8582,4,2,5
8592,1,1,5
8595,3,2,6
8603,2,2,6
8604,4,2,5
8606,3,1,5
8608,4,2,5
8618,2,2,5
8626,3,3,4
8628,3,2,5
8634,2,3,5
8639,1,2,5
8643,6,3,5
8644,2,2,4
8653,3,1,4
8656,6,4,6
8657,3,3,5
8665,3,2,4
8672,3,1,4
8685,2,1,4
8690,3,3,5
8693,4,2,5
8695,3,1,6
8705,3,2,5
8710,3,1,5
8714,1,4,5
8717,4,3,4
8721,3,1,5
8726,2,2,5
8733,1,3,4
8742,3,1,2
8746,4,4,4
8757,1,1,6
8771,2,1,4
8772,3,1,5
8776,4,2,5
8779,4,2,5
8880,3,2,4
8898,4,2,4
8900,3,2,5
8904,4,4,5
8912,6,4,5
8969,5,3,4
8986,3,3,5
8999,2,3,5
9007,4,3,4
9010,1,3,4
9030,4,3,5
9045,5,2,5
9064,4,3,5
9079,4,2,5
9080,4,2,4
9085,3,3,4
9087,6,2,5
9091,3,4,4
9147,3,4,5
9155,3,4,4
9160,4,3,5
9165,4,3,6
9169,3,3,5
9173,6,4,5
9174,6,4,5
9177,4,3,5
9182,3,1,5
9189,4,3,4
9195,3,1,5
9200,3,3,4
9204,6,4,5
9205,6,4,5
9213,3,3,4
9220,6,4,5
9264,3,1,5
9270,4,1,5
9306,5,1,6
9309,5,2,4
9324,3,1,5
9331,2,1,5
9343,3,2,5
9357,4,4,5
9359,4,2,4
9366,4,1,6
9371,3,1,5
9382,3,4,6
9391,5,1,4
9395,4,2,4
9414,3,4,5
9437,5,1,5
9455,6,1,6
9476,5,1,6
9485,4,1,6
9489,3,1,5
9490,4,2,5
9496,3,2,5
9504,3,1,5
9520,3,1,5
9526,2,1,5
9529,3,1,5
9533,1,1,5
9540,3,1,5
9558,2,1,4
9593,2,1,4
9607,2,1,4
9608,2,1,4
9611,1,1,5
9612,2,1,4
9616,2,1,5
9617,2,3,5
9618,1,1,5
9622,2,2,6
9627,2,2,5
9634,2,3,5
9646,3,3,5
9661,5,4,4
9666,3,4,4
9671,4,4,5
9679,3,2,4
9680,6,4,7
9687,3,1,5
9695,3,1,6
9699,3,1,6
9705,3,1,5
9727,3,1,6
9729,4,1,7
9803,4,1,6
9842,4,1,7
9851,4,1,6
9920,6,4,5
10031,6,4,4
10043,3,3,5
10052,3,4,4
10054,6,4,6
10059,3,3,4
10064,3,4,4
10065,5,3,4
10071,1,3,4
10079,1,3,4
10101,5,4,4
10103,4,4,4
10108,5,4,6
10117,2,4,4
10129,1,3,4
10137,1,2,4
10204,6,4,6
10226,1,1,6
10240,5,3,4
10241,2,1,5
10244,5,3,6
10246,1,2,6
10254,1,3,6
10258,1,2,6
10262,1,1,4
10269,1,1,4
10275,1,1,4
10279,2,1,5
10292,1,1,5
10298,1,1,4
10304,1,1,4
10311,1,1,5
10316,1,1,4
10418,3,1,6
10421,1,1,5
10434,5,1,4
10439,1,3,5
10442,3,3,5
10443,3,3,5
10444,3,2,6
10445,5,3,6
10447,5,3,5
10449,1,3,5
10450,4,1,4
10451,1,3,5
10452,4,1,4
10453,2,3,5
10477,6,4,4
10485,1,1,5
389,3,3,5
392,2,3,5
410,1,3,6
411,4,3,5
422,4,1,7
423,4,3,6
426,4,3,6
433,4,1,6
434,4,3,7
464,5,2,6
499,6,4,7
500,1,3,5
617,4,1,7
618,3,2,6
619,3,2,7
649,2,3,3
659,1,3,5
662,3,3,5
680,3,3,5
695,2,2,5
723,4,3,5
727,3,2,5
768,6,3,6
770,4,3,6
781,3,3,6
783,1,2,6
787,3,3,6
791,6,4,7
797,3,3,6
799,3,2,5
803,3,1,7
860,3,2,6
863,4,1,7
868,5,2,7
899,3,3,7
900,5,2,7
901,3,1,7
903,6,4,7
948,5,2,7
952,3,1,6
958,4,1,4
961,4,1,6
1647,3,1,6
1659,4,1,7
1882,5,3,6
1886,4,3,5
2064,1,3,5
2070,4,4,6
2078,4,4,6
2095,4,4,7
2109,3,3,6
2112,1,3,5
2116,1,3,7
2121,2,3,5
2157,4,4,5
2178,2,3,5
2228,4,4,6
2230,6,4,6
2252,3,4,5
2263,3,4,6
2571,4,4,5
2573,3,3,6
2580,4,3,6
2685,2,2,6
2698,1,3,6
2703,1,2,6
2705,3,3,6
2708,2,1,6
2715,1,3,7
2725,1,3,6
2728,1,3,6
2732,3,3,6
2739,3,3,6
2782,6,4,5
2789,4,4,6
2802,3,4,6
2868,3,2,6
2878,3,4,6
2884,3,3,6
2892,1,2,6
2916,1,2,6
2943,4,4,6
3004,6,3,6
3009,4,1,7
3014,1,3,6
3108,4,3,6
3115,4,4,6
3143,3,4,5
3144,4,4,6
3148,6,4,6
3156,4,4,6
3160,1,2,6
3170,3,4,6
3182,3,3,5
3190,2,2,5
3218,1,2,5
3232,3,3,5
3235,2,2,4
3240,4,3,5
3250,3,4,6
3254,4,4,6
3257,3,2,6
3263,6,3,7
3268,6,2,6
3311,2,2,5
3317,4,4,6
3319,1,2,5
3322,2,3,6
3325,2,3,6
3326,1,2,6
3330,1,3,6
3331,3,2,6
3335,2,2,6
3339,3,4,6
3341,3,3,6
3344,4,3,6
3345,3,1,7
3346,3,4,6
3349,6,4,7
3352,4,4,5
3365,1,3,5
3368,4,3,6
3374,4,4,6
3395,2,2,5
3396,6,4,6
3399,3,4,6
3402,1,2,6
3407,4,4,4
3411,1,2,5
3418,1,2,5
3426,1,2,5
3450,2,2,5
3459,1,2,6
3464,1,2,4
3471,2,2,6
3476,2,2,4
3692,3,4,6
3764,6,3,6
3870,5,4,5
3892,3,3,6
4223,2,3,6
4269,5,4,4
4302,1,2,5
4338,2,2,6
4368,1,2,6
4390,1,3,5
4402,1,2,5
4417,1,2,5
4433,2,3,5
4505,1,3,5
4519,1,2,6
4539,3,3,6
4578,4,3,6
4622,1,3,6
4643,1,2,5
4653,1,2,6
4661,1,3,5
4675,1,2,6
4677,6,2,7
4688,2,2,6
4711,1,2,5
4721,1,3,5
4724,3,3,4
4733,1,3,5
4822,1,1,6
4826,3,3,3
4829,3,3,5
4844,1,3,6
4845,2,3,4
4847,2,2,6
4849,1,1,6
4852,3,3,6
4855,4,4,4
4865,4,2,6
4884,1,2,5
4886,6,4,6
4948,6,4,7
4968,1,2,5
4978,3,3,6
4982,1,3,4
4996,3,3,6
4999,3,3,6
5008,1,3,5
5031,3,3,7
5053,3,3,6
5064,3,3,6
5090,4,4,5
5093,3,3,6
5102,4,4,6
5113,1,3,5
5231,3,3,3
5990,4,3,6
6020,3,1,5
6396,2,3,5
6397,3,3,6
6404,1,3,6
6411,3,3,6
6416,6,3,6
6424,2,3,5
6430,2,3,6
6436,3,1,5
6441,2,3,5
6446,1,2,6
6454,4,2,6
6459,2,3,5
6463,1,2,5
6464,4,3,6
6468,3,1,6
6469,2,3,5
6471,2,3,5
6472,2,2,7
6497,2,2,5
6498,3,2,7
6583,2,2,6
6590,2,3,5
6596,2,3,5
6606,3,3,5
6611,2,3,5
6634,2,3,5
6638,2,3,5
6682,2,2,6
6685,2,3,5
6687,2,3,5
6689,2,3,5
6865,4,2,6
6876,3,4,5
6880,4,2,6
6882,3,2,5
6887,5,2,6
6894,5,4,6
6903,5,4,7
6917,3,3,5
6928,6,4,6
6938,6,3,6
8008,1,2,6
8010,3,1,6
8092,6,2,5
8094,4,1,7
8103,6,2,6
8105,4,2,4
8109,4,3,6
8111,4,1,6
8121,4,2,5
8133,6,2,6
8145,1,1,6
8223,4,2,6
8228,4,1,6
8236,4,1,6
8278,5,3,6
8287,4,2,5
8331,4,3,5
8364,2,2,6
8405,4,1,4
8411,4,1,4
8421,6,3,5
8587,4,2,5
8598,3,4,4
8607,4,2,6
8723,4,2,6
8739,4,2,5
8763,4,3,6
8785,4,2,5
9199,1,2,4
9212,4,4,6
9538,6,4,7
9542,6,4,6
9545,3,3,4
9550,4,3,6
9556,4,3,6
9660,1,1,6
9797,5,3,6
9812,4,4,5
10178,2,1,6
10198,2,3,6
10203,1,1,4
10205,4,3,6
10218,2,3,7
10221,5,3,6
10230,1,1,4
10236,4,4,4
10250,2,3,5
10265,1,1,4
10283,1,2,6
10300,6,3,6
10321,1,1,4
10326,1,1,4
10336,1,4,7
10347,3,4,6
10351,6,3,7
456,1,1,5
459,3,2,6
471,3,1,6
473,4,1,6
477,2,1,5
478,2,2,6
479,2,3,5
482,3,3,6
483,2,2,5
487,3,2,6
491,4,2,5
492,3,2,6
496,4,1,7
497,3,2,7
574,4,1,6
598,2,1,5
601,5,3,6
621,6,4,7
634,4,4,6
663,3,4,4
665,2,3,5
666,3,2,5
667,3,4,5
668,2,4,4
671,1,3,5
703,2,3,5
711,3,2,5
771,1,2,4
884,1,3,4
889,5,3,5
893,3,3,4
956,3,3,7
1104,4,2,6
1282,1,3,6
1398,4,2,5
1412,4,1,6
1538,4,1,6
1554,2,3,5
1581,3,1,5
1680,4,3,7
1720,4,3,5
1726,1,2,4
1741,6,3,5
1744,6,3,6
1749,4,3,5
1898,2,3,5
1901,2,3,5
1972,2,3,5
2133,3,4,5
2144,6,3,6
2156,5,4,6
2163,6,4,5
2176,5,3,5
2181,1,3,4
2184,6,3,6
2644,4,4,6
2646,2,2,5
2706,3,1,6
2720,2,1,6
2731,2,1,4
2786,1,2,5
2793,4,2,6
2912,3,2,6
2922,3,2,5
2948,4,2,7
3012,1,1,7
3051,3,3,5
3071,1,2,4
3075,3,1,7
3080,3,3,6
3085,3,1,6
3100,1,2,6
3332,4,2,6
3333,5,2,6
3458,3,2,5
3493,3,1,6
3498,2,1,6
3547,3,2,5
3753,1,2,7
3840,3,3,5
3913,4,2,4
3936,3,3,6
4052,2,1,6
4056,2,2,5
4363,4,3,5
4382,3,1,5
4439,4,3,5
4448,1,3,6
4543,1,1,5
4551,2,2,4
4570,2,2,6
4585,2,2,4
4607,3,2,4
4620,1,3,5
4668,2,1,5
4828,3,3,5
4831,3,3,6
4833,3,1,6
4838,1,3,5
4840,3,1,5
4846,3,1,6
4850,1,1,6
4853,4,3,6
4857,3,3,6
5370,3,2,5
5400,2,1,5
5423,3,1,5
5578,3,3,6
5709,3,2,6
5720,2,2,6
5752,2,3,5
5972,4,2,5
5989,5,3,7
5995,1,1,7
6011,6,2,7
6019,3,2,6
6032,2,2,6
6046,3,1,6
6052,2,2,6
6059,3,3,5
6077,3,3,6
6087,3,4,6
6091,3,4,6
6094,4,4,5
6116,3,2,6
6132,1,1,4
6144,2,1,5
6282,2,2,6
6302,4,3,6
6345,2,3,6
6390,2,3,5
6556,2,2,5
6573,3,3,6
6620,6,4,7
6626,3,3,5
6636,1,2,5
6646,1,2,4
6696,3,3,6
6700,3,2,6
6711,3,3,6
6716,2,3,5
6722,3,3,6
6739,2,2,6
6751,2,3,5
6756,2,2,5
6765,1,2,5
6766,2,1,6
6775,1,2,6
6776,2,3,5
6785,2,3,5
6787,3,1,6
6802,3,3,5
6814,2,3,5
6821,1,1,5
6835,3,3,6
6841,1,2,6
6850,2,2,5
6857,2,3,5
6866,3,4,4
6869,1,1,5
6891,3,1,5
6895,1,2,5
6919,2,1,5
6932,2,1,6
6944,2,1,6
6954,2,3,5
6956,1,2,5
6958,2,1,6
6964,3,3,5
6969,2,2,5
6981,3,3,5
6995,4,3,6
7000,1,1,7
7017,1,3,5
7019,1,2,7
7027,1,1,6
7037,2,3,4
7048,3,2,5
7058,2,1,6
7113,2,1,6
7114,1,3,5
7127,4,4,6
7146,1,3,5
7167,3,4,6
7287,3,3,5
7292,2,1,6
7303,1,2,5
7319,2,1,5
7382,1,1,4
7390,1,1,4
7398,1,2,5
7420,1,2,4
7429,2,2,4
7442,2,2,4
7451,1,2,6
7453,3,4,6
7481,2,2,4
7486,1,2,6
7495,1,2,5
7503,1,2,4
7660,2,3,4
7673,3,3,4
7685,5,3,4
7699,5,3,5
7715,6,2,7
7729,2,3,5
7734,5,3,7
7740,6,3,7
7747,4,4,5
7771,1,2,4
7783,3,2,5
7794,1,2,5
7813,1,2,5
7819,1,2,5
7824,5,3,5
7833,3,2,5
7845,5,3,5
7856,6,3,6
7868,3,3,6
7869,1,2,5
7872,1,2,5
7878,3,3,4
7891,3,3,5
7893,2,1,6
7902,3,2,4
7924,3,2,6
8020,3,3,6
8036,4,2,6
8061,5,3,5
8074,6,3,7
8117,1,2,4
8126,5,3,3
8149,3,2,5
8165,5,4,6
8172,2,1,5
8176,4,4,5
8185,1,2,5
8200,1,3,5
8208,3,3,6
8209,2,2,5
8226,2,1,6
8252,4,3,6
8266,1,3,6
8275,1,1,6
8285,1,2,3
8300,3,3,5
8313,1,1,5
8324,3,1,6
8328,2,2,6
8344,3,1,6
8346,5,4,6
8442,1,2,4
8500,1,3,3
8519,3,3,5
8543,1,2,6
8547,5,2,5
8554,3,3,5
8556,4,3,5
8568,5,2,5
8574,4,2,5
8580,1,4,1
8586,4,2,5
8591,4,3,5
8593,3,1,6
8605,4,2,7
8611,4,2,5
8621,4,4,5
8631,3,4,6
8636,1,2,6
8647,4,2,5
8683,1,4,6
8689,1,4,5
8692,1,3,5
8696,4,3,6
8713,5,4,6
8759,1,1,6
8770,1,1,6
8777,1,1,6
8783,3,1,5
8909,3,2,6
9134,4,3,6
9141,6,3,6
9152,4,3,4
9154,1,2,4
9159,2,1,5
9162,3,3,5
9175,2,2,5
9275,2,2,5
9279,1,1,6
9288,2,1,6
9294,2,2,6
9299,2,2,6
9307,2,2,6
9339,1,2,4
9348,3,1,5
9362,6,3,5
9370,3,1,7
9379,6,3,6
9384,5,3,6
9388,6,3,6
9396,4,1,6
9401,1,4,4
9424,1,3,4
9427,5,3,7
9443,4,4,5
9469,4,3,6
9477,3,3,5
9487,1,1,6
9493,6,3,1
9527,3,1,5
9532,3,1,5
9535,1,1,5
9541,3,1,5
9546,2,1,5
9548,2,1,5
9555,3,3,5
9557,1,1,5
9567,1,1,5
9584,2,1,5
9590,1,1,5
9619,1,2,5
9624,1,3,5
9626,1,2,5
9637,2,1,6
9642,2,3,5
9647,1,2,5
9651,2,1,4
9654,2,1,6
9656,3,1,5
9663,2,2,6
9667,2,1,5
9677,2,2,6
9693,1,3,6
9696,1,1,5
9698,1,4,5
9701,1,1,5
9707,1,4,4
9709,2,1,5
9717,2,1,5
9720,4,2,5
9728,1,1,5
9733,1,1,5
9788,1,1,5
9818,1,2,5
9829,1,1,5
9844,1,1,5
9888,1,1,4
9900,2,1,5
9910,3,3,7
9913,3,4,4
9915,1,1,5
9918,2,3,5
9919,4,3,7
9921,1,4,6
9929,1,1,5
9931,3,3,6
9947,1,1,5
9959,2,1,5
9965,1,1,5
9976,2,1,5
9981,1,1,5
10041,3,2,6
10055,3,2,5
10067,2,2,6
10078,2,2,6
10089,4,2,6
10100,6,4,7
10109,6,4,7
10118,4,3,5
10121,4,3,6
10131,2,2,6
10152,3,4,6
10155,3,3,7
10156,1,1,4
10162,4,3,5
10164,1,4,6
10173,3,3,5
10176,1,4,6
10180,1,3,4
10184,4,3,6
10189,5,4,4
10202,4,3,7
10207,2,3,7
10208,1,3,5
10210,4,3,5
10214,1,2,1
10216,3,2,6
10220,3,2,7
10227,6,4,5
10242,3,3,5
10249,2,2,6
10253,4,4,6
10256,1,1,5
10260,4,4,7
10261,3,1,5
10267,3,3,6
10271,1,1,6
10281,1,1,5
10288,6,3,7
10293,6,3,7
10295,1,1,5
10303,3,3,7
10305,1,1,6
10309,3,3,6
10312,1,1,5
10364,1,1,5
10366,1,1,5
10468,2,1,6
10475,2,1,6
10479,2,3,4
10489,1,1,5
10493,1,1,5
10496,1,1,5
10497,1,1,6
10499,1,1,5
10500,1,1,5
10504,4,3,6
126,3,1,6
128,2,3,6
129,2,1,6
131,2,2,7
134,4,2,5
140,5,2,6
142,6,4,7
143,5,3,6
144,2,3,5
146,2,3,6
175,3,2,6
177,4,1,6
179,4,2,6
181,1,1,5
183,4,2,6
185,3,3,6
187,3,3,6
193,4,3,7
424,4,3,6
425,3,3,5
427,4,3,6
429,1,3,5
430,3,4,6
431,4,3,6
432,4,3,5
435,1,3,5
436,5,3,6
437,4,3,5
438,1,3,5
439,4,2,6
440,4,2,6
441,5,3,6
442,4,3,6
443,1,2,6
444,4,3,6
445,4,3,6
446,4,3,6
447,3,3,5
549,5,3,6
550,2,3,6
551,3,3,5
553,3,3,5
557,4,3,5
569,3,3,6
573,6,4,7
576,5,3,6
681,6,3,6
682,6,3,6
684,5,3,6
686,5,3,6
689,6,3,6
690,5,3,6
691,6,3,6
692,5,3,7
693,6,3,6
696,3,4,5
788,2,4,6
790,4,3,7
792,3,3,6
793,4,3,6
794,3,3,5
795,3,3,6
848,4,4,6
858,6,4,7
997,6,4,7
1099,5,3,6
1106,3,3,5
1110,4,3,7
1111,3,3,6
1112,3,4,6
1114,6,4,7
1117,3,3,5
1118,5,3,6
1119,3,4,6
1120,3,3,6
1121,6,3,6
1122,6,4,6
1123,4,4,6
1124,3,4,5
1126,6,4,6
1127,5,3,6
1128,5,4,6
1417,3,3,5
1424,3,3,6
1539,3,4,6
1896,5,4,6
1908,3,4,5
2162,3,3,6
2177,3,2,5
2438,1,1,5
2971,5,2,6
2974,6,2,6
2980,4,4,6
2982,6,3,6
2985,4,4,6
2986,1,2,5
2987,4,4,6
2988,4,2,5
3074,3,1,6
3295,4,3,6
3429,1,1,6
3432,3,1,6
3439,1,1,6
3672,1,1,4
3725,4,2,6
3728,4,3,5
3730,4,3,4
4060,2,2,6
4062,2,3,5
4071,3,1,6
4075,1,1,5
4078,3,1,6
4090,1,1,5
4214,3,4,6
4516,4,2,6
4522,3,3,6
4524,4,2,6
4529,3,3,6
4531,4,1,5
4554,1,1,6
4558,3,3,6
4567,4,2,6
4673,3,1,6
4693,2,1,6
4709,1,1,6
4717,1,1,5
4730,1,1,6
4735,1,2,5
4740,1,1,5
4747,4,2,5
4752,5,2,5
4765,2,1,5
4772,2,2,5
4798,2,1,6
4802,3,3,6
4807,3,3,6
4810,3,3,6
4811,3,3,6
5635,3,4,5
5655,2,1,5
5666,3,2,5
5689,3,2,5
5705,2,1,5
5722,3,1,5
5761,2,2,5
5772,2,2,5
5795,2,1,5
5827,3,2,5
5928,3,2,5
5940,3,3,5
5954,2,2,5
5971,1,2,4
6042,3,2,4
6115,2,2,5
6247,3,4,4
6249,1,2,5
6251,3,4,3
6252,5,3,4
6300,1,3,3
6303,3,3,4
6307,2,3,4
6313,2,3,4
6316,2,3,5
6327,6,3,4
6334,2,3,5
6363,2,3,4
6365,2,3,5
6379,2,3,5
6395,2,3,5
6666,1,2,4
6668,2,2,6
6669,1,3,6
6670,1,3,6
6672,3,4,5
6673,1,4,6
6674,4,3,4
6675,3,3,4
6676,3,3,5
6678,3,4,5
6706,3,3,6
6727,4,3,5
6811,4,2,6
6819,3,3,5
6831,1,1,5
6838,3,3,6
6847,2,1,5
6854,1,3,4
6901,5,3,5
6905,2,3,5
6909,2,3,5
6911,2,3,5
6953,2,2,5
6961,1,3,5
6973,2,1,5
7046,1,1,5
7056,2,1,5
7067,1,1,6
7076,1,1,5
7105,1,3,5
7107,3,4,5
7119,5,4,5
7125,2,3,5
7130,1,3,6
7140,1,3,5
7189,2,3,5
7191,4,3,5
7192,1,3,5
7228,1,3,5
7230,2,1,5
7232,3,2,5
7431,3,2,5
7475,3,4,5
7649,2,2,6
7653,2,2,5
7659,1,3,5
7680,1,2,5
7707,2,2,5
7775,2,2,5
7787,2,2,5
7800,1,2,5
7809,2,2,5
7818,1,2,5
7830,1,2,5
7850,1,2,5
7861,2,2,5
7867,1,2,5
7916,1,2,5
7975,3,2,6
7976,2,2,5
7978,2,2,4
7981,3,2,3
8019,2,2,5
8027,1,2,5
8037,2,3,6
8039,3,3,6
8041,3,3,6
8096,2,3,5
8106,2,3,6
8116,1,3,6
8138,2,3,5
8150,3,4,6
8169,2,3,5
8183,3,3,6
8193,1,3,6
8201,2,3,5
8216,3,3,6
8230,2,3,5
8232,3,3,6
8241,5,3,5
8247,4,3,5
8354,3,3,4
8357,3,3,4
8363,2,3,4
8370,2,2,4
8374,2,2,4
8377,2,4,4
8383,3,3,4
8385,6,4,4
8434,2,4,6
8795,1,4,4
8797,1,3,4
8802,3,3,4
8803,1,3,5
8807,2,3,5
8820,1,2,5
8837,4,3,6
9093,3,2,5
9246,1,1,7
9251,3,3,6
9254,4,1,6
9606,4,3,6
9631,3,3,3
9990,3,3,5
10009,3,1,6
10015,1,2,6
10222,6,3,7
10239,5,4,7
10294,1,1,4
10296,6,1,6
10307,4,3,7
10323,1,1,4
10330,4,2,4
10332,4,3,5
10334,1,1,4
10338,1,1,4
10339,6,1,4
10395,1,1,6
10401,5,1,4
10402,4,3,6
10406,5,1,4
10502,3,1,6
10503,1,1,5
130,4,1,5
137,5,2,5
138,3,1,6
139,4,1,7
141,2,2,5
147,2,3,6
162,4,1,5
163,4,3,6
164,3,4,4
167,4,4,6
202,5,3,5
203,4,2,7
204,2,1,5
205,3,1,5
206,3,1,5
207,4,1,5
208,6,1,6
209,6,1,7
210,2,1,6
211,6,1,6
212,4,1,6
213,4,1,6
214,3,1,6
221,2,1,5
239,3,2,6
244,3,3,5
250,4,2,7
259,2,1,6
261,4,3,4
267,4,4,7
270,6,4,7
277,4,1,6
280,2,1,6
290,3,3,6
291,2,3,5
320,1,1,5
324,3,3,6
342,6,4,7
394,2,3,5
397,2,2,3
415,4,1,4
417,5,1,6
428,3,3,5
469,1,1,4
481,2,1,4
484,4,4,6
485,3,4,5
490,1,1,4
493,1,2,4
495,4,2,6
612,4,2,5
613,5,1,5
872,2,1,4
911,3,2,6
914,5,4,5
926,1,1,6
928,1,1,6
964,3,1,7
968,2,1,6
986,2,1,5
991,6,4,5
1005,4,1,7
1009,1,3,4
1012,2,3,5
1017,4,3,4
1021,4,4,6
1038,6,1,7
1052,3,2,6
1054,2,1,5
1060,2,1,6
1075,1,1,6
1079,6,4,7
1085,1,1,6
1135,3,1,6
1146,6,4,7
1157,2,3,6
1163,2,1,6
1166,1,1,6
1176,3,3,5
1186,1,1,7
1191,4,3,7
1279,4,3,6
1300,5,4,7
1307,5,4,7
1317,5,2,5
1320,3,1,6
1327,5,2,5
1328,5,4,7
1337,4,2,5
1376,4,2,5
1383,5,3,5
1406,4,2,5
1459,3,2,4
1464,5,4,6
1477,2,2,5
1480,2,2,5
1495,3,2,6
1515,5,3,6
1530,1,1,6
1537,5,4,6
1547,2,2,7
1556,5,3,5
1560,3,1,6
1612,1,2,5
1646,4,2,4
1649,3,4,4
1839,2,3,6
1843,2,2,6
1844,3,3,5
1846,1,3,4
1923,1,1,5
1926,3,1,5
1982,6,4,5
1983,6,4,5
1987,5,4,6
1991,4,4,6
2041,2,3,3
2122,6,4,5
2225,3,3,4
2246,4,4,7
2247,5,3,6
2257,3,3,4
2289,4,4,6
2290,3,2,6
2298,3,2,6
2301,3,2,6
2309,1,1,6
2315,1,1,6
2318,4,4,6
2321,4,4,6
2328,1,1,6
2330,5,4,5
2334,4,4,6
2335,3,2,6
2343,2,1,6
2346,4,4,6
2353,4,4,6
2354,3,1,6
2364,1,1,6
2365,4,4,6
2371,3,2,6
2373,4,4,6
2377,3,3,5
2386,4,4,6
2409,4,3,5
2410,4,3,5
2564,4,2,5
2597,3,2,5
2605,3,2,5
2637,1,4,6
2641,4,3,6
2697,2,1,6
2751,1,3,6
2760,2,1,6
2767,2,1,6
2803,2,1,6
2820,3,2,5
2833,2,1,6
2846,2,2,6
2848,4,4,6
3063,1,1,3
3073,4,4,6
3082,1,3,6
3086,2,3,6
3097,4,4,6
3101,4,4,6
3105,1,2,6
3116,2,2,6
3120,4,3,6
3122,2,3,5
3127,4,4,6
3134,4,4,6
3141,3,3,6
3150,4,4,6
3158,2,3,5
3163,3,2,5
3166,4,4,6
3173,2,3,5
3193,4,4,6
3198,4,3,7
3207,4,3,6
3217,4,4,6
3342,4,3,6
3355,4,3,7
3377,2,2,6
3433,4,2,5
3465,3,2,6
3470,3,2,5
3517,3,2,5
3522,3,2,5
3525,4,2,6
3533,4,1,6
3543,3,1,5
3573,3,1,5
3577,4,1,5
3579,4,1,6
3584,3,2,6
3604,4,3,6
3610,3,1,6
3617,4,2,5
3630,3,2,6
3697,3,1,4
3720,3,1,5
3723,3,1,6
3724,3,2,5
3756,3,2,6
3762,3,2,5
3769,3,2,4
3775,3,1,6
3780,4,2,4
3781,4,3,6
3785,4,2,5
3791,4,1,6
3792,4,3,6
3794,4,3,6
3796,1,2,6
3799,4,3,6
3801,1,3,6
3804,2,1,5
3806,5,4,6
3807,3,3,6
3811,2,1,6
3812,3,1,6
3814,4,3,6
3820,4,3,6
3824,4,3,5
3835,3,4,5
3844,2,3,6
3853,3,3,6
3988,3,3,6
4003,3,2,6
4019,3,2,6
4030,1,2,6
4070,3,3,6
4080,1,1,6
4097,3,3,6
4110,3,1,7
4128,4,3,5
4131,3,3,6
4147,3,3,6
4156,3,2,5
4157,3,3,6
4194,5,3,5
4199,3,3,6
4256,3,3,6
4565,1,2,6
4589,3,3,6
4600,3,3,6
4614,3,3,6
4628,3,2,6
4630,3,1,6
4636,3,3,6
4638,3,3,5
4640,4,2,5
4646,4,3,6
4656,3,2,5
4658,3,3,6
4660,2,3,6
4664,3,3,6
4669,1,2,5
4676,3,3,6
4702,4,1,6
4737,4,2,6
4776,4,2,6
4790,4,2,5
4851,4,2,5
4875,2,3,4
4928,4,1,6
4933,4,1,6
4946,4,2,5
4955,3,3,6
4960,3,3,6
4964,4,3,6
4972,3,3,6
4984,3,3,6
5001,1,1,5
5004,2,3,6
5018,3,4,6
5042,2,3,5
5044,1,1,5
5054,6,1,5
5058,4,4,6
5073,4,1,6
5095,3,1,4
5235,2,3,6
5239,3,2,5
5243,1,3,6
5249,3,1,6
5251,1,3,6
5254,1,1,6
5260,2,3,6
5261,3,3,6
5263,3,3,6
5267,2,3,5
5275,6,2,6
5279,1,3,6
5280,3,3,5
5286,2,3,5
5289,3,3,6
5292,3,1,5
5296,1,3,5
5297,3,1,6
5302,2,1,6
5308,2,1,6
5312,1,2,6
5321,2,2,6
5328,4,4,6
5329,1,2,5
5332,2,1,6
5338,1,1,6
5340,3,3,6
5341,1,1,5
5345,2,2,5
5356,6,3,6
5357,3,2,6
5359,3,1,5
5369,2,1,6
5376,2,3,6
5385,3,3,5
5388,3,3,6
5393,3,1,6
5395,2,1,6
5396,6,3,5
5407,5,3,6
5408,5,4,6
5420,6,3,6
5425,3,3,6
5430,3,2,6
5431,4,3,6
5508,1,1,6
5517,5,2,6
5519,5,3,5
5524,2,1,5
5526,3,3,6
5527,5,4,6
5532,2,1,5
5550,1,1,5
5554,2,1,6
5558,3,2,5
5562,3,3,6
5566,1,3,6
5570,1,1,6
5581,1,3,5
5585,4,2,6
5589,3,3,5
5596,2,2,3
5619,3,2,5
5626,2,3,6
5633,1,2,5
5634,1,1,6
5639,1,2,6
5640,1,3,6
5641,3,3,6
5647,2,1,6
5651,3,3,6
5693,4,2,6
5708,3,3,6
5710,5,3,6
5712,3,2,6
5719,3,2,6
5725,3,2,5
5730,3,3,6
5732,1,2,6
5757,4,3,6
5764,1,1,5
5766,6,3,7
5774,2,2,5
5777,4,2,4
5793,3,3,5
5799,3,3,6
5801,3,3,6
5807,4,3,6
5811,1,3,6
5814,1,3,5
5815,2,3,6
5816,3,1,6
5821,5,3,6
5824,3,3,6
5830,2,3,6
5843,4,3,6
5850,1,3,6
5856,1,3,5
5859,3,3,6
5865,1,3,6
5876,3,3,6
5921,2,3,6
5934,2,3,7
5936,1,3,5
5945,3,3,6
5946,1,2,6
5953,3,2,7
5962,3,3,6
5964,3,2,6
5977,3,3,6
5994,2,1,6
6005,4,3,6
6024,2,2,6
6051,3,2,5
6066,3,2,6
6109,4,3,5
6112,3,2,6
6119,6,3,6
6129,3,3,6
6133,5,3,6
6138,3,3,6
6151,4,3,5
6236,2,1,5
6237,1,1,6
6243,5,3,6
6250,2,2,5
6254,1,1,6
6258,1,2,5
6259,3,3,5
6268,3,3,6
6269,3,2,4
6276,6,2,5
6291,1,1,6
6292,3,3,6
6295,2,3,6
6298,2,3,6
6308,2,1,6
6328,1,1,6
6450,3,3,6
6507,1,3,6
6510,1,1,6
6514,1,1,6
6521,1,2,6
6525,2,1,6
6550,3,1,6
7369,4,3,6
7424,1,3,5
7432,4,3,5
7474,3,1,6
7730,4,4,5
8624,2,3,5
8629,3,3,4
8640,2,3,5
8673,1,2,4
8697,6,3,5
8745,1,1,6
8788,2,3,6
8825,1,1,6
8830,2,1,5
8845,3,1,5
8907,1,3,4
8914,1,3,4
8946,2,2,4
8956,3,2,5
8961,1,3,5
8973,5,3,5
8981,2,1,6
8987,2,1,5
8997,3,3,5
9011,2,3,5
9028,5,4,4
9029,3,4,4
9031,4,2,5
9032,3,4,4
9037,3,1,5
9051,1,3,4
9060,2,1,5
9066,1,1,6
9078,3,3,5
9100,3,2,5
9107,3,2,5
9115,4,3,6
9116,3,3,5
9119,1,3,6
9124,3,3,6
9126,3,1,5
9129,1,3,4
9131,3,1,5
9135,4,4,6
9137,3,3,6
9138,4,2,6
9142,4,3,5
9145,4,2,6
9153,1,3,6
9167,1,2,6
9171,3,1,5
9172,3,2,5
9176,3,1,6
9180,2,3,5
9181,3,1,5
9183,1,1,5
9186,2,2,6
9187,2,3,6
9190,2,2,5
9191,2,2,6
9196,6,3,6
9197,3,3,6
9208,3,2,6
9211,4,3,5
9221,2,1,5
9228,2,2,5
9232,3,2,6
9233,3,1,5
9236,4,2,5
9239,1,1,5
9266,1,3,6
9269,2,3,4
9272,6,4,4
9273,3,3,5
9290,3,3,6
9298,3,3,6
9316,3,2,4
9317,2,1,6
9320,2,2,5
9321,2,1,6
9334,3,1,5
9373,4,3,5
9378,4,4,6
9383,6,3,7
9386,4,3,5
9390,3,3,7
9415,1,3,6
9425,3,2,4
9430,4,2,5
9453,5,4,6
9462,4,3,5
9464,3,1,5
9468,1,2,5
9472,2,3,4
9474,1,3,6
9481,3,3,6
9492,6,3,5
9497,2,3,5
9500,2,2,5
9505,1,3,4
9511,3,3,6
9644,2,3,6
9675,3,3,5
9681,5,3,6
9719,1,4,5
9735,2,1,4
9761,1,2,5
9779,3,3,5
9783,1,2,5
9785,2,3,5
9804,3,2,4
9841,3,4,5
9852,3,3,4
9861,5,3,6
9925,2,2,5
9939,4,3,4
9948,2,3,5
9963,2,3,5
9971,4,2,6
9978,2,3,4
9982,4,3,5
9983,3,3,5
10023,1,3,4
10058,3,2,5
10072,2,2,5
10077,3,2,6
10080,1,2,5
10085,1,2,5
10088,2,2,4
10114,3,3,4
10119,3,2,5
10130,3,3,5
10138,3,3,5
10181,3,3,6
10195,6,3,7
10197,4,3,6
10201,5,3,6
10206,1,1,6
10215,3,3,5
10219,4,2,6
10223,2,3,5
10229,2,1,6
10237,1,1,4
10247,1,1,4
10255,5,3,6
10263,1,1,4
10266,2,1,6
10272,2,1,6
10282,2,1,6
10297,2,1,6
10301,2,1,5
10306,6,4,6
10365,1,1,5
10370,1,1,6
10372,2,1,6
10374,1,1,6
10380,2,1,6
10381,2,1,6
10387,6,1,4
10392,2,1,6
10457,3,4,6
10459,4,3,6
10461,5,3,6
10474,3,4,5
10516,4,3,5
10517,4,1,4
10518,1,3,6
10520,1,2,4
10521,2,2,6
10523,4,1,4
10524,4,1,4
10526,4,2,6
10527,3,1,6
10529,4,1,4
10532,3,2,6
10535,4,3,6
10547,4,1,4
10549,3,3,6
10554,3,3,6
545,6,4,7
607,1,1,4
616,5,3,7
620,1,1,6
624,3,3,7
630,5,2,6
646,5,4,6
702,4,4,6
705,5,4,6
740,6,3,6
741,5,4,6
758,3,3,7
759,4,4,5
778,3,4,5
784,3,4,5
786,1,3,4
804,3,4,6
812,2,3,6
816,4,3,5
821,4,4,6
830,4,4,6
838,2,3,5
883,3,3,4
885,3,3,4
892,3,4,6
895,2,2,5
918,4,3,5
925,4,3,4
971,1,4,4
973,2,4,6
976,2,3,6
978,2,1,6
981,1,1,5
985,6,4,7
994,1,1,6
1002,1,1,5
1003,4,2,6
1032,4,2,5
1042,3,3,6
1059,3,4,4
1063,3,3,4
1066,6,4,5
1071,4,4,6
1073,3,3,6
1080,3,3,5
1089,4,3,6
1102,3,1,6
1103,4,3,6
1108,4,4,4
1113,5,1,6
1115,6,4,6
1130,3,1,6
1132,6,4,7
1133,4,2,5
1134,5,3,5
1138,6,4,7
1141,4,4,6
1143,6,4,6
1149,4,2,6
1151,5,4,6
1159,4,4,6
1161,5,2,6
1170,5,3,7
1174,3,2,5
1181,5,4,6
1188,2,2,6
1195,3,2,6
1201,3,4,5
1204,4,3,5
1206,4,3,6
1209,6,3,7
1211,5,4,6
1217,5,4,7
1221,1,1,6
1223,5,4,6
1225,3,3,6
1226,4,3,7
1229,3,2,5
1230,1,3,5
1231,2,4,5
1236,4,1,7
1237,4,4,6
1240,3,3,6
1241,4,3,5
1242,3,4,6
1243,4,3,4
1247,4,3,4
1251,5,2,6
1253,4,4,6
1258,4,4,6
1266,6,4,6
1281,3,3,5
1283,4,4,6
1284,4,3,5
1287,4,3,4
1291,2,1,6
1294,2,1,5
1296,3,1,5
1297,3,2,5
1299,1,1,4
1303,3,3,6
1305,3,2,4
1306,3,3,5
1308,3,1,5
1310,3,2,4
1314,3,3,4
1318,6,3,6
1319,1,1,6
1323,3,2,6
1333,4,3,6
1336,3,1,7
1340,5,4,6
1342,6,4,6
1345,3,3,4
1346,3,3,5
1347,4,4,6
1348,2,1,5
1350,2,1,5
1351,5,3,6
1353,4,4,5
1354,5,4,6
1355,5,4,5
1356,2,1,5
1358,1,1,5
1362,4,4,5
1367,5,4,5
1368,3,3,5
1375,5,4,6
1379,4,3,4
1380,3,4,6
1384,3,4,6
1388,3,1,5
1390,3,4,5
1391,2,3,6
1394,5,3,5
1395,3,4,5
1397,2,3,5
1402,1,1,5
1403,5,3,6
1404,3,4,5
1407,5,4,6
1409,4,3,6
1410,3,2,6
1413,3,3,5
1414,3,3,5
1415,1,3,5
1418,2,4,4
1419,3,2,6
1422,4,2,6
1423,4,3,4
1425,3,4,6
1426,3,3,4
1428,3,3,6
1430,4,4,6
1431,4,3,6
1432,3,3,5
1433,3,3,4
1435,3,2,4
1438,3,1,4
1441,4,2,4
1443,4,3,5
1446,3,2,5
1447,4,3,5
1448,5,4,6
1449,3,1,4
1451,5,4,6
1452,3,4,5
1456,5,4,5
1458,3,1,4
1461,3,1,4
1465,3,3,5
1466,2,3,6
1467,4,3,5
1468,3,3,6
1470,5,4,5
1471,3,3,4
1474,5,4,6
1476,3,1,4
1478,3,1,4
1479,3,3,5
1481,4,3,4
1482,3,1,4
1484,3,1,4
1486,3,1,4
1487,1,2,6
1488,2,1,4
1490,4,1,6
1491,3,1,4
1492,3,3,5
1493,4,4,5
1496,3,1,4
1499,3,1,4
1501,1,3,5
1503,4,3,5
1504,5,4,6
1505,2,3,6
1507,5,1,4
1508,6,3,6
1510,1,4,5
1511,3,1,4
1513,3,4,5
1514,3,1,4
1516,3,3,6
1517,1,4,5
1519,3,1,4
1520,4,4,6
1521,4,3,5
1522,3,1,4
1523,4,4,5
1525,1,4,5
1526,1,3,5
1529,4,4,5
1531,4,4,5
1533,4,4,6
1534,2,2,6
1536,5,4,6
1540,3,2,5
1545,3,3,6
1548,3,3,5
1551,2,3,5
1559,6,4,6
1564,3,3,5
1568,4,3,5
1574,4,3,5
1575,5,4,6
1576,2,2,6
1577,4,4,5
1578,4,3,5
1580,3,1,4
1585,4,3,6
1595,6,3,6
1623,2,1,5
1624,2,1,5
1627,4,4,6
1636,1,1,6
1638,5,1,7
1639,4,4,5
1641,6,4,6
1650,4,4,6
1652,4,4,6
1654,4,3,6
1658,3,2,4
1660,3,3,6
1661,3,4,6
1663,6,3,6
1664,6,4,5
1671,3,3,5
1674,4,3,4
1676,3,2,6
1691,3,2,6
1695,5,4,5
1699,6,4,6
1702,5,4,6
1704,6,4,6
1706,5,4,6
1707,3,3,6
1709,4,4,6
1711,5,4,5
1714,5,4,6
1715,5,4,6
1721,6,3,6
1722,4,3,6
1723,6,3,6
1728,3,3,6
1729,6,4,6
1730,6,4,6
1732,3,3,6
1734,1,3,5
1738,3,3,6
1740,5,2,6
1745,4,3,5
1748,5,4,6
1750,4,3,6
1752,3,3,6
1756,3,3,6
1757,5,4,6
1760,1,2,6
1766,5,4,6
1767,3,3,5
1777,4,4,6
1781,1,1,5
1782,4,4,5
1787,6,3,5
1788,2,1,5
1801,2,3,5
1802,3,3,6
1806,5,3,6
1811,4,3,6
1813,5,4,6
1815,3,2,6
1816,3,3,5
1817,4,4,6
1818,4,3,4
1820,3,3,6
1823,5,4,5
1824,3,3,6
1832,4,1,6
1833,3,4,4
1840,2,2,6
1852,4,2,6
1866,3,2,6
1873,4,3,6
1876,3,4,6
1881,4,3,5
1884,3,3,6
1889,3,4,6
1891,4,2,6
1894,4,4,5
1895,4,4,5
1902,4,3,6
1909,4,3,6
1912,1,4,6
1913,3,1,6
1918,5,3,6
1922,4,4,6
1924,6,3,6
1925,3,3,6
1927,3,3,5
1929,4,4,6
1930,4,3,5
1933,5,4,6
1934,3,4,6
1935,3,3,6
1937,4,4,6
1938,3,4,5
1944,5,3,5
1947,4,3,6
1950,4,4,5
1955,5,4,5
1957,5,4,6
1959,6,4,5
1962,3,4,5
1963,4,4,5
1965,4,4,5
1967,5,4,6
1974,3,4,5
1975,4,3,6
1984,6,4,6
1989,3,4,5
1993,1,3,4
1997,4,4,6
2003,4,3,6
2005,4,4,5
2010,4,3,5
2012,3,3,6
2013,2,3,6
2015,3,4,5
2018,3,4,5
2022,3,3,5
2024,2,2,5
2026,5,4,6
2027,6,4,6
2030,4,4,6
2031,3,2,6
2032,3,3,5
2034,4,3,5
2036,4,3,5
2040,3,3,5
2049,3,3,6
2052,4,4,4
2053,1,1,6
2058,4,4,4
2059,4,4,6
2061,6,3,5
2062,1,1,6
2066,6,4,5
2067,4,4,6
2069,4,3,4
2071,3,3,5
2075,3,3,5
2080,5,4,5
2082,3,3,5
2083,3,3,4
2084,3,3,6
2087,4,3,7
2089,4,4,6
2090,1,1,6
2092,5,3,5
2093,4,4,6
2098,3,3,5
2099,4,4,6
2102,2,1,6
2104,4,4,6
2106,5,3,5
2108,4,4,6
2114,4,1,5
2118,4,3,5
2120,3,1,5
2125,2,4,6
2126,3,1,5
2129,2,1,5
2131,1,3,6
2135,6,3,5
2136,4,1,5
2137,2,1,5
2142,4,3,5
2143,3,4,6
2145,6,4,6
2146,1,3,3
2148,4,4,6
2149,3,2,6
2150,1,1,5
2151,3,3,5
2154,4,4,5
2155,2,4,4
2158,4,4,6
2159,3,1,5
2160,4,3,4
2161,3,3,5
2164,5,4,5
2165,3,1,5
2166,4,3,5
2168,2,1,5
2169,1,1,3
2170,5,3,6
2171,4,4,6
2172,5,4,5
2173,2,4,4
2174,1,1,6
2179,3,3,5
2180,3,3,3
2186,4,3,4
2187,4,4,6
2189,1,2,6
2191,6,4,5
2192,3,3,5
2193,1,1,6
2194,3,1,5
2199,6,4,6
2200,3,3,6
2204,5,4,5
2205,6,4,5
2206,3,3,5
2207,3,1,5
2208,2,1,5
2212,5,3,6
2213,6,4,6
2215,3,3,5
2217,1,1,5
2220,4,3,5
2222,4,3,5
2233,2,2,6
2236,2,3,4
2239,3,1,6
2244,5,4,5
2250,1,1,6
2254,3,3,4
2255,3,1,6
2256,5,4,6
2261,2,2,5
2265,3,3,4
2272,3,3,4
2273,3,3,6
2274,3,1,6
2276,2,4,5
2277,3,3,3
2278,1,2,5
2284,2,2,5
2285,3,4,4
2288,4,4,6
2293,4,4,5
2295,3,3,4
2304,4,4,4
2313,2,2,6
2314,3,3,6
2317,5,3,5
2324,3,2,6
2331,4,3,5
2338,3,2,6
2348,5,4,5
2349,4,3,4
2352,3,4,6
2357,3,4,5
2362,2,1,3
2363,4,4,6
2369,4,4,6
2372,3,2,5
2374,3,3,4
2375,5,4,5
2380,6,4,6
2381,4,3,5
2384,4,4,6
2389,4,4,5
2391,6,4,6
2392,1,4,5
2400,3,4,6
2401,4,4,6
2404,3,4,5
2405,4,4,6
2407,4,3,6
2408,4,4,6
2413,1,3,5
2414,3,3,6
2416,5,3,6
2418,5,3,5
2421,1,2,5
2422,6,3,5
2426,3,3,6
2427,6,4,5
2428,4,3,5
2434,4,4,6
2435,6,3,6
2436,1,1,5
2442,4,4,6
2446,4,4,6
2448,4,4,6
2451,4,4,6
2453,3,4,6
2455,5,3,6
2459,4,3,6
2461,3,3,5
2464,3,3,5
2466,2,1,6
2467,3,2,6
2468,4,4,6
2470,4,2,6
2472,6,4,6
2473,1,2,7
2475,4,4,6
2480,1,2,5
2484,3,4,6
2501,3,4,6
2502,2,4,6
2505,3,4,5
2509,5,4,6
2516,4,3,4
2517,3,3,6
2521,2,3,5
2526,3,3,5
2529,4,4,6
2530,4,3,5
2531,4,4,5
2533,4,4,5
2534,2,2,5
2537,4,4,6
2543,2,3,5
2544,1,3,5
2546,5,3,5
2547,1,3,5
2550,6,3,4
2551,2,2,5
2554,5,3,6
2556,3,3,7
2566,4,3,4
2569,4,3,6
2572,4,3,6
2575,2,3,4
2578,6,3,7
2588,4,3,5
2590,3,3,5
2592,3,2,5
2594,5,4,6
2596,5,4,6
2600,2,3,4
2602,6,3,6
2603,6,3,6
2604,3,3,5
2606,5,3,6
2607,3,4,5
2608,4,4,6
2609,6,3,6
2611,3,3,6
2612,2,2,5
2620,2,3,4
2621,1,2,5
2623,4,4,6
2624,5,4,6
2625,2,1,6
2628,5,4,6
2631,1,1,6
2634,3,2,6
2635,4,3,6
2636,6,4,5
2638,5,4,5
2639,5,4,6
2640,3,1,5
2642,4,4,5
2643,6,3,6
2645,4,4,6
2647,4,4,4
2648,3,2,6
2649,2,1,6
2651,3,2,6
2653,4,4,6
2657,3,3,5
2661,6,3,7
2664,3,3,6
2667,2,4,3
2668,4,3,6
2669,2,2,3
2674,3,3,3
2675,4,3,6
2677,2,1,6
2681,3,3,5
2682,6,4,4
2684,5,4,6
2689,3,3,5
2701,4,4,5
2704,2,3,5
2709,4,4,6
2710,6,4,6
2714,3,1,7
2717,1,1,5
2719,1,1,5
2724,2,3,4
2726,3,2,6
2727,3,3,6
2737,3,1,6
2740,3,3,4
2745,3,3,6
2747,3,3,5
2750,4,4,6
2752,5,3,5
2753,3,1,6
2755,4,3,5
2761,4,4,6
2762,3,3,3
2763,3,4,6
2765,1,3,5
2768,2,2,4
2772,3,4,6
2773,3,4,5
2776,3,3,5
2778,3,3,6
2780,3,3,6
2783,4,4,6
2784,3,3,6
2787,4,3,5
2790,2,2,5
2791,5,4,5
2801,4,3,4
2805,5,2,5
2809,2,2,6
2811,6,3,5
2814,3,3,6
2817,4,3,5
2819,3,3,5
2821,2,2,4
2828,4,4,4
2829,3,2,5
2836,4,3,5
2837,4,3,5
2853,3,3,7
2855,3,3,4
2856,5,3,5
2867,2,1,6
2872,4,3,6
2875,4,4,6
2876,4,3,5
2877,4,3,4
2880,3,2,6
2881,1,2,6
2887,4,4,6
2888,4,3,6
2889,4,4,6
2891,4,4,6
2893,4,3,6
2900,2,1,6
2901,1,4,4
2904,4,4,6
2905,4,3,3
2908,3,4,5
2913,4,3,5
2914,3,3,6
2918,3,3,6
2926,4,4,4
2931,1,1,5
2932,4,3,6
2935,1,1,6
2936,4,3,6
2938,1,2,6
2942,4,4,6
2944,2,2,5
2945,4,4,6
2956,5,4,5
2957,4,4,5
2958,1,2,5
2959,1,1,5
2962,4,4,6
2963,3,4,4
2965,5,3,5
2968,1,1,5
2970,3,3,6
2972,2,1,5
2973,1,1,5
2975,4,4,6
2976,4,3,6
2978,5,3,6
2983,1,2,5
2984,2,2,5
2993,2,3,6
2996,3,1,5
2997,1,1,5
2999,1,1,6
3001,3,2,6
3002,1,2,5
3003,4,3,4
3006,3,2,5
3007,1,3,6
3011,3,2,6
3013,4,4,6
3017,1,1,5
3021,5,3,6
3024,1,1,6
3027,3,3,5
3031,1,2,6
3034,3,4,5
3035,6,3,7
3036,3,3,6
3038,4,3,5
3041,1,3,4
3042,3,3,6
3043,4,4,6
3045,2,1,5
3046,6,4,6
3058,1,2,6
3066,2,3,4
3070,3,1,6
3078,4,4,4
3089,2,2,5
3093,2,2,5
3094,1,2,6
3098,3,3,4
3103,2,4,5
3104,2,1,5
3106,4,2,6
3110,4,4,6
3112,3,3,5
3117,2,2,5
3121,2,2,5
3123,2,1,5
3124,2,3,5
3125,1,1,5
3128,5,3,6
3131,4,4,6
3133,3,3,4
3135,1,2,6
3137,5,3,5
3140,2,1,6
3145,2,2,6
3146,3,3,5
3147,5,3,5
3154,2,3,4
3155,4,4,5
3159,2,4,6
3161,3,3,6
3162,5,4,4
3164,5,3,5
3171,1,1,6
3174,5,3,5
3175,2,2,5
3176,2,2,5
3179,4,3,5
3183,1,3,5
3184,4,3,5
3186,2,3,4
3191,3,1,6
3192,4,4,6
3194,2,1,5
3195,1,2,5
3196,2,3,6
3197,5,3,5
3199,2,1,5
3201,1,3,5
3202,4,4,6
3205,4,3,5
3208,3,3,4
3210,2,1,5
3212,4,3,5
3214,4,4,6
3215,2,3,5
3220,4,3,6
3222,1,1,5
3226,6,4,5
3228,3,4,5
3229,2,1,5
3230,1,1,5
3231,4,3,6
3236,5,4,4
3238,4,3,5
3243,2,4,4
3246,4,3,6
3247,3,1,6
3249,4,4,4
3251,6,3,6
3252,1,3,4
3253,3,3,5
3256,4,3,6
3259,4,3,6
3260,4,4,5
3261,4,3,6
3265,4,3,6
3267,4,3,6
3269,3,4,6
3270,2,3,6
3271,1,3,6
3275,1,1,6
3277,5,4,6
3279,1,1,5
3280,2,2,6
3285,2,2,5
3286,4,4,6
3289,4,3,5
3292,3,2,6
3297,3,3,6
3300,3,3,6
3301,3,1,6
3310,3,2,6
3315,1,2,5
3321,1,3,5
3323,1,1,5
3328,2,3,5
3329,2,1,5
3336,3,1,5
3338,4,3,4
3361,1,2,5
3370,4,3,5
3397,4,3,5
3403,3,2,6
3412,4,3,6
3419,3,3,6
3420,4,3,6
3422,3,3,6
3424,4,3,6
3430,4,4,3
3434,6,3,3
3438,3,3,5
3445,4,3,5
3448,3,1,6
3452,3,3,6
3453,4,2,6
3454,3,3,6
3461,1,2,5
3467,5,4,6
3482,4,3,6
3523,3,2,5
3531,2,3,5
3536,3,1,5
3541,3,1,5
3552,1,2,6
3554,2,1,5
3561,2,1,5
3566,2,1,4
3576,2,2,5
3581,3,2,5
3587,3,3,6
3616,3,3,7
3623,2,1,5
3629,2,2,6
3664,4,3,6
3674,4,3,6
3678,5,3,6
3679,1,3,6
3687,2,2,5
3691,6,4,6
3694,3,2,6
3699,2,1,6
3701,1,3,5
3702,4,3,6
3709,4,3,6
3710,3,1,5
3715,3,3,6
3717,4,3,6
3718,4,4,6
3874,2,4,5
3899,2,1,5
3903,1,1,6
3904,1,1,5
3907,1,1,4
3910,1,1,6
3916,3,4,5
3917,3,3,6
3919,1,1,5
3922,3,4,5
3923,1,1,5
3924,1,1,5
3926,4,1,6
3928,3,1,5
3929,2,1,5
3933,1,1,5
3939,2,1,4
3943,1,1,5
3946,1,1,5
3947,3,3,6
3952,1,2,5
3961,3,3,6
3963,3,2,7
3964,3,3,7
3966,5,3,7
3967,4,4,6
3968,5,3,6
3969,3,3,6
3973,3,3,6
3974,3,3,6
3975,5,3,6
3978,3,3,6
3979,5,3,6
3980,4,3,6
3983,4,3,6
3984,3,3,6
3985,4,3,5
3998,4,3,5
3999,3,3,6
4004,1,1,5
4008,1,1,5
4013,1,1,5
4022,2,1,4
4031,3,3,6
4032,1,1,5
4048,2,3,5
4049,3,3,6
4053,1,1,5
4061,1,1,5
4085,2,2,5
4091,3,2,6
4100,3,2,5
4104,3,2,6
4144,3,2,6
4153,4,3,6
4168,3,3,6
4187,1,1,7
4261,5,4,5
4264,4,4,6
4267,5,4,5
4271,4,4,4
4279,3,4,4
4284,4,4,5
4291,5,3,5
4306,5,4,6
4309,3,3,4
4317,1,1,5
4319,3,3,4
4326,4,3,5
4336,3,3,5
4337,4,4,6
4349,4,4,5
4353,4,3,4
4362,5,4,6
4365,4,4,5
4378,2,3,5
4379,4,4,5
4394,4,3,5
4397,6,3,5
4404,1,3,6
4407,4,4,5
4409,3,3,6
4412,2,4,4
4420,1,1,5
4421,6,4,6
4422,2,4,5
4425,3,3,5
4428,6,4,5
4430,5,4,6
4435,2,4,5
4436,3,3,6
4440,4,4,5
4447,5,4,6
4451,1,1,6
4454,3,3,6
4458,4,4,5
4459,2,2,6
4460,5,4,4
4463,1,2,5
4466,2,3,6
4468,3,1,6
4470,5,4,5
4473,5,4,6
4475,5,4,6
4478,1,1,6
4480,5,4,6
4500,2,4,4
4514,1,4,4
4515,3,3,6
4527,3,3,6
4528,5,3,6
4530,3,4,3
4538,3,3,6
4540,3,3,6
4546,3,3,6
4548,4,4,4
4575,1,4,4
4594,3,3,5
4606,1,3,5
4612,4,4,5
4621,5,4,5
4624,1,1,6
4631,3,3,6
4635,3,3,6
4644,2,3,4
4645,1,2,6
4670,2,1,6
4689,4,2,6
4697,2,2,6
4699,3,3,5
4714,6,2,6
4722,1,1,6
4723,4,1,6
4731,1,1,6
4736,4,1,5
4742,3,1,5
4753,1,1,6
4766,3,2,5
4775,1,1,6
4794,3,3,6
4799,2,1,6
4830,4,4,4
4835,4,1,4
4841,1,3,3
4856,1,1,6
4864,4,3,6
4871,5,4,5
4882,3,3,6
4892,6,4,5
4901,3,1,5
4909,1,3,5
4911,4,1,5
4916,3,4,5
4917,3,1,5
4923,3,1,5
4925,6,3,6
4935,2,1,5
4944,2,1,5
4953,3,3,6
4954,3,1,5
4956,4,4,6
4963,2,1,5
4975,3,3,5
4981,3,1,5
4992,3,3,6
5002,4,1,6
5023,3,1,6
5027,2,3,6
5036,4,3,4
5046,3,3,6
5062,3,1,4
5069,3,1,5
5071,4,4,4
5075,3,1,5
5124,3,4,6
5131,3,3,6
5138,3,4,6
5147,1,1,6
5148,3,3,6
5155,2,1,5
5159,5,3,5
5160,1,1,5
5162,3,3,5
5164,2,1,5
5169,3,2,7
5170,4,4,5
5177,4,3,6
5182,4,3,5
5185,1,2,5
5186,4,4,6
5193,5,4,5
5195,2,1,5
5197,1,1,6
5198,6,4,5
5202,1,2,5
5203,3,2,6
5205,5,3,6
5207,1,1,5
5212,1,1,5
5219,4,2,6
5227,4,2,6
5234,5,3,5
5244,5,3,5
5252,4,4,5
5277,5,3,5
5284,4,3,5
5300,4,3,5
5306,3,3,6
5335,4,3,6
5349,4,4,6
5352,3,2,6
5358,3,3,6
5368,5,4,6
5371,1,1,6
5379,4,4,5
5386,3,3,5
5390,3,3,6
5392,4,3,6
5401,5,3,5
5411,2,2,6
5432,1,3,6
5482,4,2,6
5488,1,1,7
5490,1,3,6
5494,5,3,5
5497,5,3,6
5502,4,3,5
5528,4,3,5
5535,1,1,6
5537,3,3,6
5540,2,2,6
5544,3,3,6
5559,3,3,6
5569,5,3,6
5587,3,3,6
5600,5,3,6
5610,3,3,5
5624,6,4,6
5659,4,3,6
5669,5,4,6
5677,5,4,5
5715,4,4,6
5728,5,4,6
5740,5,4,6
5741,6,4,6
5753,3,3,6
5770,6,3,5
5775,6,3,6
5779,5,3,5
5783,6,3,5
5784,1,2,6
5825,6,3,6
5832,5,4,6
5836,5,4,6
5842,4,3,6
5853,2,3,3
5878,4,3,5
5900,3,3,5
5903,2,3,5
5916,3,3,6
5941,1,2,5
5944,2,2,5
5948,1,2,5
5950,6,4,6
5956,1,1,5
5987,1,1,5
5997,3,3,6
5998,6,3,6
6007,1,1,5
6012,6,3,6
6018,1,1,5
6029,1,2,5
6036,4,3,6
6038,3,3,6
6055,4,3,6
6069,4,3,6
6118,4,4,7
6124,1,2,6
6130,3,3,6
6135,4,3,5
6139,1,3,5
6140,1,2,6
6142,3,3,6
6149,1,1,6
6150,1,3,4
6158,3,3,6
6163,3,3,6
6262,2,3,6
6287,2,2,4
6297,4,4,5
6324,6,4,6
6339,2,3,6
6352,4,2,6
6356,4,2,6
6361,3,2,6
6364,3,3,6
6373,3,2,6
6377,3,3,6
6378,2,3,5
6380,2,3,5
6383,4,4,4
6384,2,2,4
6385,5,3,4
6386,4,3,4
6388,2,2,4
6389,6,3,5
6410,2,3,5
6486,1,1,5
6489,2,3,5
6494,2,3,5
6512,3,1,6
6523,3,1,6
6532,2,3,5
6542,2,1,5
6543,2,3,5
6548,2,1,5
6559,4,3,6
6560,2,3,5
6569,2,3,5
6575,1,1,6
6577,3,1,6
6588,1,2,6
6591,1,1,6
6597,1,1,5
6605,1,1,6
6613,3,1,6
6616,1,1,5
6618,3,2,6
6641,1,1,6
6650,1,1,5
6657,2,2,5
6681,2,2,5
6686,2,3,5
6690,2,3,5
6691,3,2,5
6694,2,2,5
6697,1,2,6
6699,2,3,5
6705,2,2,5
6709,2,3,5
6713,1,1,5
6717,2,3,5
6726,2,1,5
6748,1,3,5
6760,2,3,5
6771,3,2,6
6779,3,1,5
6791,2,3,5
6795,4,2,6
6797,2,1,5
6809,2,3,5
6812,2,3,5
6813,3,1,7
6818,2,1,7
6828,2,1,6
6829,3,3,5
6840,5,3,6
6851,5,3,7
6853,2,2,5
6855,2,3,5
6863,6,2,6
6871,2,1,7
6873,2,3,5
6875,2,3,5
6879,1,2,5
6896,2,3,5
6898,3,2,6
6904,1,2,6
6920,4,3,7
6921,3,2,5
6922,1,1,6
6930,3,2,6
6937,1,1,5
6941,5,2,6
6960,2,3,5
6966,4,2,6
6967,2,1,6
6976,3,2,6
6986,2,2,6
6991,2,3,5
7007,1,2,3
7023,3,1,6
7031,6,3,4
7036,1,3,5
7069,1,1,5
7096,1,1,6
7097,2,2,5
7099,1,3,5
7112,1,1,6
7128,1,2,3
7138,1,2,5
7142,1,1,5
7155,1,3,5
7173,1,1,5
7198,3,3,5
7206,3,3,5
7208,2,1,5
7214,3,2,5
7226,2,2,5
7233,3,2,6
7239,2,2,5
7243,3,1,4
7245,1,1,5
7250,1,2,6
7253,1,2,5
7263,1,1,5
7279,2,1,5
7290,3,1,5
7300,3,1,5
7313,3,1,4
7322,2,1,6
7323,2,3,5
7325,2,1,5
7328,3,3,5
7343,4,1,4
7347,6,2,5
7352,2,1,5
7355,3,3,5
7359,2,1,5
7361,1,2,4
7362,1,3,6
7367,6,4,4
7371,5,4,5
7375,5,3,4
7377,1,1,6
7378,6,3,4
7381,6,3,5
7383,1,2,5
7412,2,2,6
7449,1,1,5
7455,3,2,5
7462,1,1,5
7487,1,1,5
7499,1,2,5
7506,1,2,5
7516,1,1,5
7527,2,1,5
7553,4,3,4
7554,4,3,5
7557,5,3,4
7558,4,3,4
7559,4,3,4
7561,4,3,4
7567,1,2,6
7573,1,1,5
7575,3,2,5
7580,1,2,5
7582,1,1,5
7585,1,2,5
7587,2,1,5
7610,4,4,5
7619,4,4,4
7628,4,3,5
7634,3,4,6
7636,4,4,4
7639,4,1,4
7641,3,1,4
7645,3,1,5
7666,3,1,5
7670,4,1,5
7710,3,1,5
7711,4,4,5
7721,4,1,3
7738,3,1,3
7741,4,1,4
7745,3,1,4
7753,5,4,6
7756,3,1,3
7761,3,1,4
7776,3,1,3
7796,4,4,6
7814,1,2,5
7843,4,3,5
7847,3,1,5
7854,1,2,5
7858,1,1,5
7859,5,3,5
7874,3,1,5
7885,4,3,6
7887,1,1,6
7890,3,1,5
7896,4,4,5
7898,3,1,6
7899,4,4,6
7904,3,1,5
7907,4,4,5
7908,4,4,6
7909,4,3,5
7914,4,4,6
7921,3,4,5
7922,5,4,7
7925,4,3,6
7931,2,2,6
7934,3,3,5
7938,4,3,6
7945,4,3,5
7958,3,2,6
7985,2,1,4
7987,4,4,5
7988,3,1,3
7991,2,1,2
7994,1,1,4
7999,3,1,3
8002,3,1,3
8118,4,3,5
8144,3,3,6
8170,3,3,6
8213,3,3,6
8218,3,3,5
8289,2,2,6
8304,4,4,6
8315,4,3,5
8330,4,4,5
8348,6,3,6
8350,4,3,5
8387,4,3,5
8389,5,3,6
8448,3,3,5
8450,4,3,6
8462,6,3,7
8466,3,3,7
8470,5,4,5
8487,2,3,6
8505,3,3,6
8525,2,3,5
8528,2,1,6
8535,3,3,5
8542,3,3,4
8549,6,3,7
8551,4,3,5
8584,4,3,6
8589,3,3,5
8594,1,1,5
8601,3,3,5
8610,4,2,5
8638,6,3,7
8642,6,3,6
8645,4,3,6
8650,3,3,5
8652,6,4,6
8669,6,4,7
8751,4,3,6
8756,1,3,4
8910,3,3,5
8917,5,3,7
8920,3,3,4
8954,3,3,6
8957,3,3,5
8963,3,3,5
8975,5,3,6
8978,3,3,6
8989,3,3,6
9008,3,3,6
9022,4,3,7
9027,2,3,4
9034,3,3,5
9038,2,3,6
9048,5,3,4
9053,3,3,5
9059,3,3,6
9083,6,4,7
9084,3,3,5
9088,3,3,5
9089,5,3,6
9102,3,3,4
9104,4,3,4
9114,3,3,5
9118,5,3,5
9120,5,3,6
9122,2,3,4
9132,5,3,7
9144,4,3,6
9150,4,4,7
9223,4,4,6
9237,6,4,6
9243,3,1,5
9262,5,3,5
9271,4,4,5
9494,6,4,5
9629,5,4,7
9638,6,4,6
9649,5,1,6
9664,3,3,5
9665,5,4,6
9792,5,3,7
9799,3,1,5
9809,5,2,6
9820,5,2,6
9821,4,4,6
9828,3,1,5
9847,2,1,4
9855,2,1,4
9887,1,3,6
9901,3,3,5
9908,3,3,5
9926,4,4,5
9930,3,1,6
9934,3,4,5
9941,5,2,6
9949,6,1,6
9953,4,2,6
9960,1,1,4
9961,5,2,6
9962,3,1,6
9966,4,2,7
9969,4,2,5
9970,2,1,6
9973,4,1,7
9975,5,2,6
9977,4,1,6
10026,4,2,6
10028,5,2,6
10029,3,1,6
10032,4,4,5
10033,3,1,6
10038,2,1,6
10070,1,2,6
10081,4,2,6
10084,5,2,6
10087,2,1,6
10126,1,1,4
10135,4,4,6
10427,3,3,5
10490,4,1,4
10492,4,1,4
10495,3,3,6
10510,4,1,4
10553,5,3,6
10555,3,3,5
10558,5,3,6
10561,4,4,6
10565,4,3,5
10567,5,3,6
10622,5,3,6
10624,3,1,4
10648,4,4,6
10651,4,4,6
10655,3,1,4
10692,4,4,5
10750,4,4,6
10758,4,4,6
10763,5,4,7
10776,3,1,4
10777,3,1,4
10778,4,4,6
10785,4,4,6
10787,4,4,6
10862,4,4,6
10863,4,4,5
10936,4,4,5
11139,5,4,5
11143,3,4,5
11167,3,4,4
11261,3,4,5
11264,2,1,1
2906,1,2,5
2921,1,3,5
2930,1,3,6
2940,1,4,5
2946,2,3,6
2955,3,3,6
2960,1,3,6
2964,2,2,5
3008,2,3,6
3016,1,3,6
3025,2,3,6
3037,3,3,6
3052,2,3,6
3062,2,3,6
3084,3,2,5
3091,1,1,6
3095,1,1,5
3099,4,4,6
3107,4,4,6
3118,4,4,6
3241,1,1,4
3248,1,2,6
3262,1,1,6
3272,2,2,6
3288,2,2,6
3599,3,2,6
3615,4,3,6
3627,1,1,6
3638,2,2,6
3649,3,2,6
3654,4,2,6
3703,2,3,6
3713,3,1,6
3716,3,3,6
4074,3,3,6
4087,2,2,6
4093,1,3,7
4099,1,3,6
4103,2,3,6
4109,2,3,5
4115,1,2,5
4121,3,3,6
4142,1,3,6
4155,1,3,5
4167,3,4,6
4171,4,4,6
4221,3,3,6
4236,2,1,6
4237,3,3,5
4442,3,2,5
4450,1,3,5
4469,3,3,6
4476,3,3,6
4481,3,2,5
4485,1,2,6
4486,3,3,6
4488,3,2,6
4489,3,3,5
4490,3,3,6
4492,2,3,5
4494,3,3,5
4685,3,4,6
4691,5,3,6
4719,3,3,6
4728,2,3,6
4734,3,4,6
4741,3,3,6
4746,3,3,6
4751,2,3,5
4758,3,3,6
4762,3,3,6
4773,1,3,6
4777,3,3,5
4791,2,3,6
4801,3,3,6
4803,2,3,5
4805,3,3,6
4806,3,3,5
4812,3,3,5
4816,2,3,5
7246,1,2,5
7280,2,2,6
7283,1,2,5
7310,1,2,5
7312,3,2,5
7315,1,2,5
7337,1,2,5
7748,1,2,5
7758,1,2,5
8125,1,2,5
8132,1,2,5
8137,3,2,5
8292,6,2,5
8297,2,1,6
8306,6,2,5
8384,6,2,5
8388,2,2,6
8392,6,2,5
8395,2,2,6
8398,6,2,5
8559,1,2,6
8597,4,2,5
8600,2,2,5
8612,4,2,5
8614,4,2,5
8617,2,1,5
8641,4,2,5
8646,4,2,5
8649,4,2,5
8651,4,2,5
8655,4,2,5
8662,3,1,6
8670,2,2,6
8675,4,2,5
8686,4,2,5
8691,3,1,6
8749,4,2,5
8784,2,2,6
8787,3,2,5
8790,4,2,5
8792,4,2,5
8818,2,3,5
8826,2,2,4
8846,2,2,5
8848,2,1,5
8849,5,3,5
8850,4,3,5
8851,3,3,5
8863,4,2,5
8871,2,2,6
8874,3,2,5
8876,2,3,5
8878,3,2,5
8881,3,2,5
9249,2,3,5
9250,1,2,6
10874,2,3,6
184,6,3,5
188,6,4,4
189,1,4,7
287,3,3,4
288,5,3,4
669,1,2,4
673,1,2,5
675,6,1,7
677,6,4,7
678,3,1,5
683,2,2,5
685,6,4,7
687,6,4,4
1091,3,2,7
1092,3,2,6
1100,1,2,4
1109,6,4,7
1238,1,1,6
1666,5,4,6
1668,2,3,5
1678,6,3,7
1685,5,4,6
1690,1,4,5
1696,5,4,6
1700,5,4,6
1701,1,3,6
1758,2,1,5
1763,5,4,6
1773,6,1,7
1776,5,4,6
1779,1,4,4
1904,5,4,6
1905,3,2,7
2487,6,1,5
2489,4,4,6
2490,1,1,7
3136,3,3,6
3487,4,3,3
4047,2,3,4
4057,6,3,5
4065,4,2,4
4081,3,3,4
4095,3,2,5
4106,5,4,4
4123,3,4,3
4126,4,3,4
4140,2,1,5
4161,4,3,5
4173,3,3,5
4178,4,3,5
4181,5,3,6
4503,3,3,5
4834,6,3,5
4926,3,4,5
4947,6,1,6
5082,3,3,6
5089,1,1,4
5151,2,1,6
5188,4,3,4
5204,2,3,5
5222,3,3,5
5228,1,2,5
5233,2,3,5
5241,2,3,6
5242,3,3,6
5246,3,3,6
5257,2,3,4
5264,2,1,7
5269,3,3,6
5273,2,3,5
5283,1,1,6
5294,1,1,5
5298,3,3,5
5305,5,4,6
5310,2,3,5
5336,1,1,5
5391,4,2,6
5404,5,1,6
5406,1,4,6
5417,4,2,6
5418,2,2,5
5426,1,1,5
5434,3,3,6
5435,1,1,5
5439,3,3,5
5441,3,2,6
5444,3,3,5
5446,1,1,5
5451,1,2,5
5452,1,1,5
5468,2,2,6
5485,3,2,5
5499,3,3,6
5504,2,4,4
5507,1,1,4
5510,1,3,5
5513,3,1,4
5514,5,2,5
5516,2,2,5
5518,3,3,6
5520,1,2,4
5521,4,3,6
5522,3,3,6
5523,2,2,5
5531,3,3,6
5539,3,2,6
5551,3,3,4
5565,2,4,5
5574,3,4,4
5586,3,3,5
5593,4,3,5
5605,3,3,4
5696,4,3,5
5718,3,3,5
5736,3,4,4
5744,3,3,5
5817,2,3,5
5826,2,3,5
5834,3,3,5
5840,3,3,6
5844,1,2,4
5848,2,2,5
5858,2,3,5
5868,1,1,5
5873,1,2,5
5896,6,2,4
5912,3,3,6
5932,4,1,6
5959,4,4,5
5979,3,3,4
5985,3,4,5
6010,3,4,4
6016,3,3,4
6017,6,4,6
6034,6,4,4
6061,3,3,6
6071,3,3,6
6075,6,4,6
6088,3,2,6
6161,1,1,5
6162,1,1,7
6164,1,1,1
6167,5,2,4
6170,5,1,5
6173,3,3,6
6179,3,2,6
6182,1,2,5
6186,3,1,7
6187,1,3,5
6189,3,3,6
6190,3,2,5
6191,5,2,6
6195,3,2,6
6199,3,2,5
6209,2,3,6
6213,2,3,6
6235,2,3,6
6248,4,1,6
6290,6,3,5
6301,3,3,4
6321,4,3,5
6326,2,3,6
6332,3,3,5
6340,4,3,5
6346,2,3,3
6347,3,4,6
6354,3,1,5
6362,3,3,5
6371,1,2,6
6374,2,3,5
6400,2,3,5
6402,1,1,6
6408,3,1,6
6417,3,1,5
6431,2,3,5
6443,4,2,6
6453,2,3,5
6455,4,1,7
6457,2,3,5
6462,4,3,6
6473,2,3,5
6480,2,3,5
6485,2,3,5
6495,2,3,5
6777,2,3,5
6792,4,2,5
6793,1,2,5
6826,4,2,6
6845,3,2,5
6884,3,1,5
6889,2,3,5
6897,2,3,5
6902,4,4,5
6918,4,4,5
6934,1,3,5
7084,4,3,5
7111,2,3,4
7134,3,3,5
7137,3,3,5
7157,2,3,5
7158,4,3,5
7168,1,3,5
7178,3,3,5
7185,5,3,4
7234,6,4,5
7244,4,4,3
8550,3,2,5
8561,2,3,5
8565,5,2,5
8576,2,2,5
8622,1,2,5
8660,1,1,7
8681,4,2,5
8707,4,2,5
8736,6,2,6
8743,4,1,6
8806,3,1,5
8809,4,2,5
8811,1,2,5
8812,4,2,5
8813,4,2,5
9185,3,1,5
9193,5,1,6
9194,1,1,7
9207,5,2,7
9217,5,2,5
9280,1,1,4
9301,3,3,4
9308,4,3,5
9311,6,4,6
10273,3,3,5
10286,3,4,4
10396,5,1,4
10458,4,1,4
10508,1,1,4
10528,4,1,4
10596,2,1,5
10627,2,3,4
10695,2,2,5
984,3,3,5
1527,5,4,6
1567,1,3,5
1571,2,1,6
1593,5,4,6
1606,5,4,6
1611,5,4,6
1786,3,3,6
1789,2,1,6
1979,1,1,4
1992,4,4,6
2004,3,3,5
2016,4,3,5
2019,3,2,5
2025,3,2,5
2045,4,4,6
2047,4,4,6
2057,4,4,6
2395,3,3,6
2399,3,3,6
2403,4,3,6
2406,2,3,5
2415,2,3,5
2417,1,1,6
2430,2,1,5
2437,3,3,5
2447,4,4,6
2454,1,1,5
2483,3,3,6
2485,3,3,6
2486,3,3,6
2499,1,3,4
2503,1,3,4
2504,4,4,5
2506,3,3,6
2510,4,3,6
2513,2,1,5
2520,1,3,4
2524,4,3,6
3284,4,3,6
3287,1,3,5
3290,2,2,5
3293,4,3,6
3296,4,3,6
3299,4,3,6
3436,2,3,5
4270,3,2,5
4316,3,3,6
4387,3,3,6
4403,3,3,6
4434,3,3,6
4508,1,2,5
4512,2,3,5
4547,3,3,5
4889,1,1,6
6152,3,3,6
6155,2,3,6
6156,3,3,5
6314,4,3,5
6323,3,3,5
6484,2,2,6
6600,1,1,6
6608,2,3,5
6615,5,3,7
6623,1,2,6
6625,2,3,5
6627,1,1,5
6635,2,3,5
6643,2,3,5
6652,1,1,5
6655,1,1,6
6660,4,2,6
6661,4,2,6
6721,2,3,5
6724,2,3,5
6725,3,3,6
6733,2,3,5
6741,6,3,6
6745,4,3,5
6746,2,3,5
6749,3,3,6
6754,4,3,5
6759,3,3,5
6769,3,4,5
6781,3,3,6
6788,2,3,5
6796,3,3,6
6815,3,3,6
6827,3,3,4
7005,2,3,5
7008,1,2,6
7018,1,3,5
7024,1,1,6
7060,1,3,5
7072,1,3,6
7078,1,3,5
7080,1,3,5
7086,1,3,5
7088,4,3,5
7103,3,3,5
7123,1,3,4
7129,1,3,5
7135,3,2,5
7147,2,1,6
7150,1,2,6
7152,3,1,4
7154,4,2,6
7162,6,3,6
7187,1,4,6
7188,2,3,6
7235,1,3,5
7248,3,3,5
7251,3,3,6
7256,3,3,5
7259,1,2,5
7262,1,2,5
7268,6,4,5
7271,3,2,5
7273,3,3,5
7275,1,2,5
7282,2,3,4
7284,3,3,5
7286,3,3,5
7778,1,2,5
7782,1,1,6
7793,1,2,5
7892,4,4,5
7915,3,4,6
7930,4,3,6
7947,2,3,5
7950,1,2,5
7954,1,3,5
7956,1,2,5
7959,3,3,5
7960,1,2,5
7961,3,3,5
7968,1,2,5
7982,1,2,5
8004,3,3,6
8011,4,3,7
8013,5,4,6
8018,3,3,6
8023,1,2,5
8025,4,3,6
8031,1,2,5
8035,3,4,6
8038,3,4,6
8044,1,2,5
8047,3,2,6
8077,3,3,6
8087,4,3,6
8097,4,4,7
8101,3,3,5
8124,4,3,7
8147,4,4,7
8154,4,4,6
8163,3,3,5
8174,4,4,6
8194,1,2,5
8207,4,3,6
8212,4,4,7
8225,5,4,6
8240,3,3,6
8409,6,2,5
8410,1,1,5
8413,1,1,3
8414,5,2,5
8415,5,2,5
8417,2,1,6
8422,5,2,5
8423,2,3,4
8424,5,2,5
8439,3,4,5
8463,1,3,5
8477,1,1,5
8490,2,1,5
8507,3,3,5
8512,5,2,5
8514,2,3,4
8523,4,3,6
8527,2,2,5
8810,6,2,4
8843,3,2,5
8870,6,2,6
8884,6,2,6
8896,6,2,6
8902,3,1,5
8906,4,2,6
8921,4,2,5
8928,5,3,6
8929,1,2,5
8932,4,1,6
8941,2,3,5
8942,3,2,5
8949,2,3,5
8951,3,2,5
8955,3,3,5
8960,4,3,5
8976,3,2,5
9399,1,3,5
9417,3,1,5
9564,3,3,6
9568,2,1,5
9632,3,4,6
9636,2,3,6
9641,2,1,4
9643,3,4,5
9645,2,1,4
9653,2,1,4
9657,3,3,6
9775,1,4,5
9780,6,3,7
9793,3,4,5
9807,6,4,6
9811,5,4,6
9816,3,4,6
9819,4,4,7
9840,2,1,4
9846,4,3,6
9850,4,3,7
9859,3,4,7
9865,4,3,6
9867,4,3,6
9874,4,3,5
9984,1,3,5
9985,1,1,5
9986,1,1,5
10034,1,1,4
10044,1,1,4
10045,1,1,4
10053,1,1,5
10057,1,1,4
10466,3,3,5
10472,1,1,5
10476,4,1,4
10501,1,1,5
10584,1,3,5
10587,3,3,4
10588,4,1,4
10589,3,1,4
10601,3,3,5
10603,3,3,4
10604,3,2,5
10605,2,1,4
10607,3,1,4
10611,3,1,4
10613,2,1,4
10616,2,1,5
10617,3,3,5
10619,2,1,5
10658,1,1,5
10659,3,1,4
10661,2,3,5
10675,3,1,4
10679,1,3,4
10680,5,3,4
10683,3,1,5
10686,2,1,5
10709,3,3,5
10710,2,3,5
10711,2,3,5
10723,2,3,4
10727,5,3,5
10729,2,2,4
10732,2,1,5
10735,1,1,5
10738,3,3,5
10741,3,3,4
10760,3,2,5
10762,3,1,4
10765,3,3,5
10769,2,3,5
10770,3,1,4
10771,3,3,5
10772,3,3,5
10773,3,1,4
10775,3,3,5
10779,3,3,4
10783,3,3,4
10818,4,4,6
10819,3,4,7
10821,1,4,5
10823,2,4,4
10824,3,3,5
10825,2,3,6
10826,5,4,5
10827,6,4,7
10828,5,3,5
10829,1,4,6
10830,2,1,5
10831,1,1,4
10832,2,4,6
10833,4,4,7
10834,3,4,6
10835,3,4,5
10836,6,4,7
10837,4,4,6
10838,4,4,6
10839,1,4,6
10840,6,4,7
10860,3,4,5
10865,4,4,7
10867,3,4,5
10868,5,4,6
10870,3,3,5
10871,3,4,6
10872,4,3,6
10873,4,2,6
10875,1,3,5
10876,5,4,6
10877,3,4,5
10878,4,4,6
10879,3,4,6
10880,4,3,6
10882,3,4,5
10883,4,4,6
10884,3,3,6
10886,1,3,6
10888,2,1,6
10889,3,1,6
10890,2,2,6
10891,4,3,6
10893,3,1,6
10894,3,1,6
10898,3,1,6
10901,3,3,6
10903,3,1,6
10904,2,1,6
10919,3,1,6
10922,3,1,6
10925,3,1,6
10928,4,3,6
10932,3,1,6
10941,3,1,6
10942,6,2,6
10944,2,1,6
10945,3,1,6
10947,1,1,6
10948,3,3,6
10950,3,1,6
10967,3,1,6
10969,1,1,6
10972,3,1,6
10979,2,1,6
10983,3,3,6
10987,5,3,6
10990,3,3,6
10991,3,3,6
10993,4,3,6
10994,3,3,6
10997,2,3,6
10999,2,1,6
11002,2,2,6
11004,1,2,7
11005,4,3,6
11006,5,3,6
11008,2,1,6
11010,2,1,6
11011,2,1,6
11012,5,3,6
11013,2,1,6
11054,4,3,6
11058,3,3,6
11059,3,3,6
11061,3,3,6
11063,3,3,6
11065,3,3,6
11067,3,3,6
11069,3,3,6
11070,3,3,6
11072,3,3,6
11074,3,3,6
11076,3,3,6
11078,2,3,6
11079,3,3,6
11080,2,3,6
11082,2,3,6
11084,3,3,6
11086,2,3,6
11088,2,3,6
11090,3,3,6
11091,3,4,6
11093,2,3,6
11095,3,4,6
11096,2,3,6
11097,3,3,6
11099,3,3,6
11108,2,4,6
11109,4,3,6
11111,3,3,6
11112,3,3,6
11115,4,3,5
11117,3,2,5
11118,2,2,6
11121,1,1,3
11122,4,3,6
11124,1,2,6
11125,1,1,3
20097,3,4,4
20098,4,3,4
20099,4,4,4
20100,3,3,4
20103,3,4,3
20104,4,4,3
20105,3,4,4
20107,5,4,3
20108,1,4,4
20109,4,3,4
20111,4,4,4
20112,4,4,4
20113,3,3,4
20114,4,3,4
20115,3,3,3
20117,1,4,4
20118,4,4,4
20119,4,3,4
20120,3,4,4
20121,5,4,3
20122,4,3,3
20123,1,3,3
20124,2,3,3
20125,2,2,3
20126,6,3,3
20127,1,3,3
20128,1,4,4
20129,3,4,4
20130,3,3,4
20131,2,4,4
20135,6,4,4
20136,6,4,4
20138,4,4,4
20140,3,3,3
20143,4,4,4
20144,4,4,4
20145,4,4,4
20146,3,4,4
20147,3,3,4
20148,3,4,3
20150,1,3,2
20151,4,4,3
20152,3,3,4
20155,5,4,3
20159,3,4,3
20161,4,4,4
20162,5,4,4
20163,5,4,4
20164,4,4,3
20165,3,3,4
20166,4,3,3
20167,4,3,4
20168,4,3,4
20169,4,3,4
20170,4,3,3
20172,5,4,3
20173,2,4,3
20174,3,4,4
20175,3,3,4
20179,4,3,4
20181,4,4,3
20182,3,4,4
20184,4,3,4
20186,4,3,4
20188,4,3,4
20189,2,4,4
20190,3,3,4
20192,3,3,3
20193,3,3,3
20194,4,4,4
20195,4,4,4
20197,4,4,4
20198,4,4,3
20200,4,4,4
20204,1,3,2
20206,4,4,3
20207,1,4,4
20208,2,4,4
20212,4,4,3
20213,1,3,3
20214,4,3,4
20215,3,4,4
20216,4,4,4
20217,3,4,4
20218,4,4,4
20219,1,4,4
20220,3,4,4
20221,5,4,4
395,5,3,5
465,4,2,6
628,6,3,4
631,5,3,5
632,1,3,5
642,5,3,4
809,3,2,5
826,5,3,4
829,5,3,4
833,1,4,4
834,1,4,7
842,5,3,6
847,3,3,7
850,2,3,5
854,6,4,7
856,6,4,7
1028,5,2,6
1031,4,3,6
1034,6,3,6
1168,4,3,6
1173,4,3,6
1175,6,3,6
1262,4,3,7
1269,5,4,7
1272,3,3,6
1276,6,3,7
1280,6,3,6
1285,6,3,6
1292,6,4,7
1442,1,4,4
1677,4,4,6
1850,3,1,5
1851,4,3,7
1854,3,3,7
1855,3,3,6
1858,2,1,6
1860,4,4,5
1864,2,2,6
1871,5,4,6
1872,5,4,6
1877,5,4,6
1883,2,2,6
1900,4,4,5
1916,3,1,6
1921,4,2,5
1961,3,2,4
2007,4,3,5
2275,3,4,6
2279,4,4,6
2280,4,4,5
2283,4,3,6
2292,3,1,6
2294,1,3,6
2297,1,1,5
2307,1,1,6
2320,6,4,3
2325,3,4,4
2347,3,3,6
2492,6,4,7
2494,4,3,4
2496,5,3,6
2676,4,4,6
2678,2,3,6
2702,1,1,4
2771,4,4,6
2774,3,3,4
2785,2,3,3
2806,3,3,6
2826,3,3,6
2834,4,3,5
2850,5,3,6
2917,1,3,6
2924,1,4,5
2941,4,3,4
2950,1,3,4
2969,1,2,5
2992,1,2,5
2994,4,2,4
3057,2,3,5
3181,4,4,6
3314,3,3,4
3318,3,3,5
3378,4,3,6
3381,4,3,6
3387,4,3,6
3390,4,3,6
3410,4,2,4
3416,6,3,6
3421,5,3,5
3456,6,4,6
3480,5,3,6
3484,6,4,7
3495,4,4,6
3502,1,3,4
3509,2,2,5
3519,1,2,6
3527,1,4,5
3532,1,2,5
3540,1,3,5
3545,2,2,4
3551,3,3,6
3558,1,2,5
3571,1,1,5
3583,1,2,4
3593,1,2,5
3596,4,3,6
3605,1,1,6
3606,1,3,5
3614,3,3,5
3631,3,3,4
3635,4,3,6
3636,2,2,5
3637,3,3,2
3645,3,4,4
3653,2,1,4
3655,3,3,5
3657,4,4,6
3671,3,3,5
3684,1,2,5
3690,2,2,5
3693,2,3,6
3706,2,3,6
3737,2,2,6
3742,1,2,4
3749,1,1,6
3751,1,1,5
3752,2,3,5
3754,2,3,5
3757,1,2,5
3759,2,3,5
3763,2,3,5
3765,1,2,5
3771,4,3,6
4208,6,2,7
4225,1,3,5
4238,3,3,6
4239,1,3,5
4241,1,2,5
4242,1,3,5
4244,1,2,6
4247,1,2,5
4249,1,2,6
4250,1,2,6
4252,1,1,6
4255,1,4,5
4259,4,3,6
4297,3,3,6
4340,4,3,6
4346,6,2,6
4354,5,2,6
4367,5,2,6
4371,6,2,6
4449,2,1,5
4457,4,2,5
4461,5,3,6
4496,5,3,6
4497,1,2,5
4499,2,3,6
4501,2,2,6
4588,2,2,6
4598,1,3,5
4599,1,3,5
4601,1,3,5
4604,1,1,5
4608,3,2,5
4610,1,2,5
4650,2,4,6
4657,4,3,6
4666,1,1,6
4667,2,3,5
4674,3,4,5
4679,1,2,5
4683,1,3,5
4687,1,3,5
4690,4,3,6
4694,4,3,6
4698,3,3,6
4757,2,3,7
4934,6,4,5
4967,4,3,6
4976,2,3,6
4986,3,3,6
4994,6,4,4
5005,3,3,5
5011,3,3,6
5017,4,3,5
5026,3,3,4
5059,3,3,6
5070,3,3,6
5107,4,4,6
5333,1,1,5
5342,3,2,6
5749,4,3,5
5755,4,3,6
5769,3,1,6
5810,3,3,6
5982,3,2,6
5988,1,2,4
6001,1,1,4
6004,1,2,4
6014,1,3,4
6023,1,2,4
6033,2,2,5
6058,5,2,6
6063,4,4,7
6064,2,2,5
6068,1,2,5
6072,2,3,4
6073,3,2,5
6206,4,3,4
6478,3,3,6
6483,5,3,5
6786,6,4,6
6801,6,4,7
6807,4,4,7
6824,4,1,7
6862,1,1,5
6948,3,3,5
6955,6,4,6
6989,6,3,6
6992,4,2,6
6994,5,3,6
7003,2,3,4
7010,4,2,4
7011,4,3,5
7065,3,3,5
7079,3,2,5
7094,2,4,7
7110,3,2,4
7415,4,4,5
7596,1,2,5
8028,2,1,4
8033,3,1,7
8054,3,3,6
8070,1,3,7
8081,5,4,4
8086,6,4,7
8098,1,2,5
8202,5,1,7
8317,3,3,6
8334,4,4,4
8342,6,2,6
8468,1,2,5
8474,1,3,6
8486,5,2,5
8513,5,2,4
8613,1,3,7
8668,1,2,1
8755,4,1,2
8879,3,2,5
8922,4,4,6
8974,1,2,6
8992,3,2,5
9062,1,3,5
9074,4,4,5
9090,4,4,6
9092,4,3,4
9097,5,3,5
9105,6,4,7
9127,4,4,6
9140,6,4,6
9156,6,4,6
9668,4,3,5
9745,3,1,7
9752,3,1,6
9758,1,3,6
9771,5,4,7
9781,4,3,6
9789,3,2,6
9805,3,3,6
9815,2,1,4
9826,4,4,7
9834,3,4,4
9843,4,4,5
9845,6,3,7
9849,6,4,6
9856,5,4,6
9864,1,4,4
9866,6,4,7
9872,2,3,1
9883,4,4,6
9889,3,1,6
9890,3,3,4
9907,3,4,5
9942,6,4,6
9952,3,2,7
10022,4,4,7
10048,1,1,4
10060,3,3,3
10069,3,4,7
10086,6,3,4
10092,4,3,4
10097,6,4,7
10102,3,4,4
10104,3,3,7
10105,1,1,4
10123,1,1,4
10128,1,1,4
10132,1,3,6
10134,1,1,4
10139,2,2,5
10140,2,2,5
10144,2,1,6
10154,1,1,4
10166,1,1,4
10177,5,2,4
10182,2,3,4
10186,3,3,4
10188,1,3,4
10233,1,1,4
10238,4,4,7
10243,5,4,7
10248,1,1,4
10257,3,1,6
10264,4,4,4
10277,3,4,6
10393,5,1,4
10409,3,3,6
10415,3,3,5
10417,5,1,4
10420,4,3,6
10424,3,2,5
10425,5,1,4
10437,5,1,4
10438,4,1,4
708,1,3,7
710,1,4,4
714,1,3,4
717,6,4,4
720,4,3,5
724,3,2,4
732,4,1,5
736,1,2,7
745,2,3,7
751,4,4,7
761,6,4,7
800,2,3,6
802,3,2,7
807,1,3,4
811,6,4,5
813,6,4,7
818,6,4,7
820,4,3,6
822,4,4,7
825,3,3,6
831,2,2,7
840,1,2,7
843,6,4,4
862,1,4,7
870,3,4,6
875,3,3,7
907,3,1,4
908,6,4,6
916,2,3,7
921,3,3,6
922,4,3,7
931,6,4,6
935,1,2,6
937,4,3,5
938,3,4,6
941,4,1,6
947,6,4,7
949,5,4,6
951,3,1,5
953,4,4,7
959,4,3,5
962,3,4,6
983,2,1,5
1006,3,2,6
1015,6,2,7
1020,1,2,6
1036,6,4,7
1058,5,4,6
1248,3,4,7
1252,3,4,6
1330,2,1,4
1334,5,3,6
1341,4,4,5
1374,1,4,5
1401,1,1,5
1656,5,4,6
1657,5,4,6
1662,5,4,6
1675,5,4,6
1693,1,1,6
1713,5,4,6
1719,2,1,6
1770,2,2,6
1822,3,3,5
1825,3,4,4
1826,1,1,5
1838,3,3,5
1848,2,1,6
1879,2,1,6
1951,4,3,7
1954,3,4,4
1994,4,4,6
2017,1,3,6
2091,4,3,6
2101,6,2,6
2115,4,4,6
2379,4,3,5
2440,3,3,6
2450,2,1,6
2458,1,1,6
2593,3,1,6
2629,6,3,5
2679,1,1,5
2700,2,2,4
2713,1,3,4
2722,2,2,4
2729,3,3,7
2808,5,4,3
2857,3,4,4
2863,4,2,4
2869,3,3,6
2886,4,4,6
2902,4,4,6
2903,3,4,5
2934,4,4,6
2953,1,1,6
3187,4,2,5
3206,3,3,7
3219,4,4,4
3224,3,2,6
3227,3,2,7
3239,1,1,4
3242,1,1,4
3324,2,2,4
3334,4,3,6
3343,2,3,6
3347,1,1,6
3356,3,4,4
3358,6,4,5
3364,3,1,5
3367,4,4,4
3474,3,2,4
3478,4,3,6
3481,5,4,6
3483,3,3,5
3485,3,3,6
3486,5,3,6
3534,4,3,6
3544,4,4,6
3550,3,3,5
3556,2,2,5
3560,2,2,5
3564,1,2,6
3565,4,4,5
3661,5,4,6
3666,4,4,4
3677,6,3,6
3689,4,4,6
3734,5,3,5
3739,4,3,4
3746,4,2,5
3761,6,2,6
3786,2,3,6
3823,6,3,6
3828,3,3,3
3830,6,4,6
3836,1,3,6
3839,4,3,6
3849,4,3,6
3850,3,3,6
3851,2,3,4
3852,3,3,6
3871,3,3,6
3877,3,3,6
3883,3,3,6
3889,3,3,6
3897,1,1,6
4152,3,2,4
4825,3,3,6
4836,4,3,4
4870,4,4,4
4924,5,2,7
4939,4,3,7
4940,3,4,6
4949,4,4,6
4965,4,4,5
4979,3,3,6
5007,4,4,6
5019,5,4,6
5039,4,2,5
5049,3,4,6
5066,2,3,4
5196,1,3,5
5199,4,3,6
5208,3,3,4
5211,4,4,4
5217,5,3,6
5221,5,3,6
5223,3,3,6
5224,1,2,5
5247,5,3,4
5250,5,4,6
5255,3,4,5
5262,5,2,6
5265,6,4,5
5285,4,4,5
5291,3,3,6
5361,4,3,6
5372,3,4,6
5380,4,4,6
5389,3,3,5
5397,4,3,6
5403,4,3,5
5543,4,4,4
5849,4,4,4
5883,5,4,6
6081,2,3,4
7055,4,4,5
7071,5,2,5
7075,4,2,6
7082,1,3,5
7087,6,4,6
7093,4,4,6
7104,1,3,5
7115,1,3,5
7120,1,3,5
7126,4,3,6
7136,1,3,5
7141,1,1,6
7149,2,1,6
7203,6,3,5
7211,1,3,5
7217,6,4,6
7318,1,2,5
7376,1,2,5
7380,1,2,5
7712,1,2,5
7722,1,2,5
7737,1,2,5
7743,1,2,5
7750,1,1,5
7759,1,2,5
7768,1,2,5
7772,1,2,5
7777,2,1,5
7780,1,2,5
7785,1,2,5
7790,1,2,5
7801,2,1,5
7812,1,1,5
7816,1,1,5
7821,1,2,5
7826,1,2,5
7834,2,4,5
7841,1,2,5
7848,1,2,5
7852,1,4,4
7855,2,4,5
7862,3,3,5
7866,4,4,5
7870,3,3,5
7877,4,3,5
7883,3,4,5
7894,3,3,5
7901,1,4,4
7926,4,3,5
7937,1,1,5
7941,5,4,5
7946,3,3,6
7977,1,2,6
7979,5,3,6
7993,1,2,5
7995,3,2,7
8001,4,4,5
8005,1,2,6
8042,1,4,4
8048,1,4,6
8050,6,4,6
8058,3,3,6
8059,3,3,6
8068,4,4,6
8082,1,2,5
8093,5,3,5
8127,1,2,5
8129,1,2,5
8135,4,4,6
8142,1,1,6
8151,1,2,5
8167,1,2,5
8188,1,2,5
8205,3,3,5
8214,1,2,5
8243,2,4,5
8256,1,4,5
8267,1,2,5
8280,2,3,5
8291,1,4,5
8449,5,2,5
8457,1,1,5
8478,3,4,6
8482,4,4,5
8485,4,2,5
8493,6,4,6
8503,4,4,5
8518,6,4,6
8526,4,3,5
8529,4,4,5
8532,4,3,6
8537,5,2,5
8538,5,4,7
8546,5,2,5
8562,4,3,6
8569,4,2,5
8572,4,2,5
8596,1,1,6
8687,4,3,4
8694,3,4,5
8718,2,1,6
8750,4,2,5
8753,1,1,5
8768,4,2,5
8866,3,2,5
8918,4,3,6
8925,1,2,5
9094,5,3,6
9143,4,4,4
9423,3,1,5
9428,3,1,5
9433,1,2,6
9444,3,1,5
9450,1,2,5
9459,2,1,5
9508,5,1,7
9565,2,1,6
9569,3,2,6
9578,2,2,6
9581,2,2,6
9585,2,1,5
9586,2,1,4
9790,5,4,6
9824,4,4,4
9835,2,1,4
9871,3,3,7
9955,4,4,5
9964,1,1,4
9979,3,4,5
10175,3,4,4
10183,4,3,7
10405,6,4,7
10412,4,3,4
10431,3,3,4
10448,4,2,4
10456,4,3,6
10463,4,3,5
20435,1,3,4
20436,3,2,4
20437,4,3,6
20439,4,4,5
20440,3,3,4
20441,5,4,6
20442,3,3,6
20443,2,2,6
20444,1,2,4
20445,4,4,6
20449,1,4,4
20450,2,2,6
20451,4,4,7
20452,4,4,6
20453,1,4,5
20454,1,3,4
20455,1,4,6
20456,2,3,7
20458,1,2,6
20459,3,4,6
20460,3,4,5
20461,4,4,5
20462,5,4,6
20463,4,3,7
20465,3,2,2
20466,3,3,5
20467,4,2,6
20469,3,3,4
20470,4,3,6
20471,4,3,6
20472,1,3,5
20473,1,4,5
20474,4,2,6
20475,1,3,6
20477,2,2,6
20478,1,2,5
20479,3,4,5
20480,3,4,5
20481,3,3,5
20484,4,3,4
20486,3,4,4
20487,3,3,4
20488,3,3,6
20489,1,3,5
20490,3,3,6
20491,4,3,5
20493,5,4,6
20496,1,2,5
20497,3,4,3
20499,1,4,5
20500,4,4,6
20501,3,2,6
20502,4,3,5
20503,4,3,6
20504,4,3,7
20505,3,2,4
20508,3,2,6
20510,4,4,7
20511,1,2,6
20512,4,2,5
133,6,4,4
136,5,4,4
168,1,1,6
169,1,3,6
171,3,3,5
182,5,4,6
190,6,4,7
191,3,4,4
192,3,3,6
194,5,4,4
196,4,3,5
197,6,4,7
199,5,4,5
220,6,4,4
223,5,4,4
224,6,3,6
227,1,2,4
228,3,3,5
237,4,3,7
240,3,3,4
249,6,3,5
253,6,3,7
255,3,1,6
256,4,3,5
258,4,2,6
262,1,4,4
263,1,2,5
272,1,3,4
275,4,3,4
278,6,3,6
279,3,2,7
283,6,3,5
285,6,3,6
311,3,4,5
312,6,4,7
318,3,4,5
323,2,4,7
327,6,4,6
346,3,3,6
348,6,4,7
350,6,4,7
351,3,4,4
363,1,2,5
367,6,3,5
369,3,1,7
376,6,4,7
405,4,2,6
418,6,4,7
420,6,4,7
651,6,4,6
656,4,3,4
1489,6,2,6
1509,4,3,6
1542,4,4,5
1566,4,4,4
1601,4,4,5
1614,3,3,4
1615,3,3,6
1616,4,3,6
1619,5,4,5
1620,5,4,6
1621,5,4,6
1622,3,1,6
1790,3,4,5
1792,1,2,6
1795,2,3,5
1796,1,3,6
1847,3,2,5
1856,4,2,5
1862,3,1,6
1874,4,1,6
1878,5,1,6
1887,4,1,6
1990,4,1,6
2000,3,1,6
2042,3,1,6
2050,4,1,6
2068,3,1,6
2281,4,2,6
2310,3,1,6
2316,5,2,6
2322,3,2,7
2329,3,2,6
2332,5,2,6
2396,4,3,7
2560,2,3,6
2568,3,2,6
2570,4,2,6
2574,5,2,6
2576,4,2,6
2579,5,1,6
2718,3,1,6
3303,4,3,6
3305,5,1,6
3308,3,3,6
3312,2,2,5
3444,3,3,6
4192,1,3,5
4232,3,4,6
5460,1,1,6
5512,2,2,5
5623,2,2,5
5628,1,2,3
5637,1,2,5
5683,1,2,6
5688,3,4,5
5691,4,3,4
5695,2,2,4
5702,2,2,4
5706,1,3,4
5714,3,3,4
5738,2,2,5
5767,1,3,4
5768,2,1,5
5771,5,4,5
5773,4,4,5
5776,4,3,4
6040,5,3,5
6047,4,4,5
6053,3,3,5
6060,3,3,5
6106,2,2,5
6108,3,3,6
6121,3,3,6
6131,1,2,6
6169,3,3,6
6171,2,2,5
6178,2,1,6
6181,2,3,5
6188,1,2,6
6194,1,3,5
6207,1,1,5
6215,2,1,5
6220,2,3,6
6422,3,3,6
6500,3,3,5
6503,4,3,6
6506,4,3,6
6513,2,3,5
6516,3,3,6
6526,4,3,5
6528,6,3,5
6529,2,3,5
6612,2,3,5
6614,2,3,6
6619,3,3,6
6622,2,3,5
6631,2,3,5
6645,3,3,6
6651,2,3,5
6653,2,3,6
6861,1,1,5
6888,3,3,5
6913,2,3,5
6945,3,2,5
6987,3,3,5
7032,1,1,5
7049,3,3,5
7121,2,3,6
7132,1,3,5
7156,2,3,6
7163,2,3,6
7212,2,3,6
7218,2,3,6
7224,3,3,6
7229,2,3,6
7231,2,3,6
7238,3,2,6
7242,2,3,6
7254,3,2,6
7260,3,2,6
7266,2,3,6
7270,2,3,7
7274,2,3,6
7276,3,3,6
7281,2,3,6
7288,3,2,6
7291,3,3,5
7346,3,2,6
7372,3,3,5
7406,3,3,5
7411,3,3,5
7417,3,3,6
7422,3,3,6
7426,4,3,5
7430,4,3,6
7433,4,3,5
7436,5,3,6
7438,4,3,5
7441,4,3,5
7445,1,2,5
7446,1,3,5
7447,4,3,6
7450,2,2,6
7456,3,3,6
7463,2,3,6
7478,3,3,6
7483,1,2,5
7485,4,3,6
7500,1,2,5
7531,2,1,6
7541,2,1,6
7544,3,1,6
7546,2,1,5
7549,3,4,5
7550,3,2,6
7552,4,3,5
7555,3,3,4
7556,3,1,6
7560,2,3,5
7563,2,1,6
7564,2,1,5
7566,3,3,5
7568,2,4,4
7569,2,1,5
7570,3,2,5
7572,2,2,6
7574,3,4,4
7584,2,1,6
7588,1,1,5
7597,1,1,6
7602,2,1,5
7607,1,3,5
7609,1,2,5
7612,1,1,6
7637,1,3,3
7640,1,2,5
7643,1,3,5
7650,3,3,6
7651,1,1,5
7652,3,2,6
7671,3,4,6
7677,1,1,6
7679,3,4,6
7688,1,2,5
7708,1,3,6
7718,1,3,6
7724,1,1,6
7764,3,4,3
7781,3,2,5
7791,3,3,6
7802,4,4,5
7828,2,2,5
7838,3,1,6
7871,3,2,6
7880,3,2,5
7882,4,4,6
7897,1,2,5
7903,3,3,5
7913,3,3,4
8057,2,2,5
8063,2,2,6
8073,2,1,5
8090,1,1,5
8110,1,2,5
8141,1,2,5
8159,1,2,5
8164,4,3,6
8177,1,2,5
8189,1,2,5
8204,2,1,5
8217,1,1,5
8229,4,3,5
8251,2,3,5
8329,6,2,5
8356,1,1,5
8446,1,2,5
8451,1,2,4
8458,2,2,5
8460,4,3,5
8472,1,1,5
8510,5,2,5
8534,3,2,6
8553,5,3,5
8560,5,3,5
8566,1,2,5
8575,4,3,6
8602,4,2,5
8619,1,1,5
8663,1,2,5
8674,4,2,5
8699,1,1,5
8724,1,1,5
8738,4,2,5
8766,4,2,5
8774,1,2,5
8781,1,1,5
8786,4,2,5
8793,1,1,5
8798,4,2,5
8800,4,2,5
8804,4,2,5
8817,3,3,7
8819,4,2,5
8821,1,3,3
8823,2,2,6
8835,4,3,6
8838,4,2,5
8839,1,1,5
8868,3,2,5
8875,1,2,5
8883,1,1,4
8887,1,1,5
8890,1,1,7
8892,3,2,5
8894,3,2,5
8897,1,1,6
8913,3,2,5
8938,1,1,5
9108,1,1,6
9112,1,2,4
10280,3,2,6
10289,3,1,4
10291,3,4,4
10302,5,3,6
10308,3,1,6
10314,1,1,4
10317,4,3,6
10318,3,1,7
10320,1,1,4
10322,1,2,6
10327,3,3,6
10328,1,1,6
10341,6,1,4
10344,3,3,6
10345,3,1,6
10346,4,1,6
10348,1,1,6
10350,4,3,6
10353,6,1,4
10356,6,1,4
10357,4,2,7
10359,1,3,5
10360,1,1,6
10363,6,1,4
10367,6,4,6
10368,4,3,6
10373,5,2,6
10375,3,3,6
10376,4,3,6
10378,3,1,6
10379,4,3,5
10382,3,3,6
10385,3,3,6
10386,1,3,6
10390,1,3,5
10400,3,3,5
10403,3,3,5
10423,3,4,5
10892,5,3,6
977,3,3,6
1190,4,3,6
1220,2,2,6
1228,3,2,7
1264,4,3,6
1845,4,1,6
1861,5,4,6
1863,4,3,6
2990,3,4,4
2991,4,3,7
3019,3,3,4
3023,2,3,5
3026,3,4,4
3029,4,3,4
3033,5,3,6
3039,6,4,5
3044,3,3,5
3048,2,4,6
3054,4,3,6
3064,4,3,6
3065,4,3,5
3072,4,4,6
4536,3,3,6
4696,2,2,5
4708,2,2,4
4750,3,2,6
4760,3,2,5
4786,3,1,6
4793,1,1,7
4797,3,2,4
4869,2,1,4
4872,1,1,4
4878,2,2,6
4895,4,3,6
5083,1,1,5
5085,5,3,4
5118,3,3,6
5213,2,2,7
5309,3,3,6
5316,1,1,7
5318,1,2,6
5487,2,1,6
5501,3,3,6
5588,3,2,6
5598,1,1,4
5611,3,4,4
5636,4,3,6
5638,2,1,6
5649,4,3,4
5673,3,1,6
5782,4,3,6
5831,2,1,6
5837,3,3,6
5838,3,3,6
5854,3,3,6
5861,3,4,6
5867,5,2,6
5879,2,2,6
5888,2,3,6
6101,1,3,6
6104,4,3,5
6165,2,2,5
6174,3,2,5
6183,2,2,5
6193,2,4,5
6211,2,3,5
6224,3,2,5
6232,3,2,5
6240,2,2,5
6533,3,3,6
6539,2,3,5
6541,3,3,6
6553,3,3,5
6554,4,4,4
6565,3,3,6
6574,2,3,5
6581,3,3,6
6585,4,3,6
6587,4,3,5
6594,2,3,5
6599,3,3,5
6603,4,3,6
6702,3,2,5
6714,2,2,5
6720,2,2,5
6735,1,2,5
6757,1,2,5
6763,2,2,5
6773,2,3,6
6823,1,2,4
6837,1,2,5
6899,2,2,5
6907,5,3,6
6925,3,3,4
6926,2,2,5
6933,2,2,5
6940,5,3,4
6942,1,2,5
6943,1,1,2
6950,5,4,3
6952,2,3,3
6970,2,2,3
6971,1,2,5
6984,2,2,4
6988,2,3,5
6993,3,3,5
6998,2,2,5
7002,2,3,4
7006,5,4,4
7022,1,2,5
7033,2,3,4
7041,1,2,3
7045,1,2,5
7050,1,3,5
7074,2,3,3
7083,2,3,6
7092,2,3,3
7108,2,4,5
7172,1,1,5
7177,1,3,5
7180,3,3,5
7183,2,1,5
7184,2,1,5
7194,2,1,5
7197,1,3,5
7199,1,1,4
7200,1,2,5
7210,3,2,5
7227,2,2,5
7247,2,2,5
7257,1,2,5
7272,1,2,5
7289,2,3,6
7293,2,2,6
7294,1,2,5
7301,2,3,6
7304,3,3,6
7311,3,3,6
7317,2,3,6
7320,2,3,6
7330,2,3,6
7333,1,2,5
7338,2,2,6
7340,4,3,5
7342,4,3,6
7345,2,3,6
7351,2,2,6
7353,1,2,5
7354,4,3,5
7366,1,2,5
7379,1,2,5
7389,2,2,5
7397,2,2,5
7404,1,2,5
7418,1,2,5
7435,1,2,5
7467,1,2,5
7484,2,2,4
7498,1,2,5
7592,2,1,5
7594,4,3,7
7595,1,2,5
7616,1,1,5
7627,1,2,5
7644,1,2,5
7657,1,2,5
7663,1,2,5
7725,3,1,7
7736,6,2,6
7744,1,2,7
7751,3,1,4
7766,4,2,6
7774,4,2,7
7786,1,2,7
7798,5,2,7
7808,4,3,5
7837,6,3,7
7846,5,4,5
7920,4,3,7
7939,5,2,6
7964,2,2,5
7967,3,2,4
7973,6,3,5
8009,3,4,3
8052,4,3,6
8056,2,3,4
8069,3,2,6
8079,6,2,7
8088,4,2,6
8099,3,3,4
8119,3,3,5
8139,4,2,6
8152,4,2,6
8179,5,3,7
8182,4,3,6
8191,5,3,6
8227,5,3,7
8237,1,2,5
8249,1,2,5
8261,6,1,6
8294,2,3,4
8303,1,3,4
8307,1,3,2
8332,3,3,4
8340,2,2,4
8355,4,1,6
8362,4,1,7
8372,5,1,6
8373,2,3,3
8382,4,2,6
8391,4,3,4
8397,3,3,5
8401,1,3,3
8403,2,3,4
8427,4,2,6
8428,5,2,5
8433,3,3,2
8436,5,3,6
8440,3,3,6
8489,2,3,4
8496,4,2,7
8508,2,2,6
8633,5,2,7
8667,3,3,4
8682,4,2,5
8700,5,2,4
8716,1,2,3
8719,2,3,4
8730,4,2,7
8862,3,3,4
8971,4,2,6
9098,6,3,7
9101,5,3,5
9110,3,1,5
9111,3,4,3
9113,6,3,6
9117,3,1,5
9128,3,2,7
9227,3,1,5
9235,5,3,7
9238,5,3,6
9260,4,3,6
9261,4,4,6
9267,3,1,5
9277,3,1,5
9283,4,4,4
9286,3,2,6
9291,1,3,4
9344,4,2,6
9376,3,1,5
9435,3,1,5
9440,3,1,5
9445,3,1,5
9460,3,1,5
9478,3,1,5
9484,4,1,7
9547,2,1,5
9553,5,3,7
9561,2,1,5
9596,5,3,3
9597,4,4,4
9599,3,1,5
9601,4,3,5
9603,3,2,5
9684,6,2,6
9688,2,1,4
9690,4,3,6
9724,2,1,4
9750,2,1,4
9770,4,2,6
9772,4,2,6
9778,2,1,4
9786,6,2,6
9832,5,2,6
9876,6,1,6
9898,4,1,7
9903,4,2,5
10160,4,3,6
10168,4,3,6
10172,1,1,4
10428,4,2,6
10621,1,1,6
10939,3,3,6
